status,seed,capacity,method,v,phase_ticks,phase_seconds,action_counts,core_required_fraction,payload_bytes,max_queue_bytes,post_release_on_time_core_result_coverage,core_required_events,on_time_core_results,drain_ticks_used,final_queue_bytes,shared_cap_violations
PASS,2026090901,low,desynchronized_independent,1.0,"{""P1"":595,""P2"":193,""P3"":691}","{""P1"":0.595,""P2"":0.193,""P3"":0.691}","{""H_ALERT"":0,""H_FULL"":90,""H_NONE"":180,""H_SUMMARY"":0,""L_ALERT"":0,""L_NONE"":0,""L_SUMMARY"":0,""M_ALERT"":0,""M_NONE"":0,""M_SUMMARY"":0}",0.3333333333333333,11796480,131029,0.0,90,0,1309,0,0
PASS,2026090901,low,synchronized_independent,1.0,"{""P1"":0,""P2"":0,""P3"":0}","{""P1"":0.0,""P2"":0.0,""P3"":0.0}","{""H_ALERT"":0,""H_FULL"":66,""H_NONE"":138,""H_SUMMARY"":0,""L_ALERT"":0,""L_NONE"":0,""L_SUMMARY"":0,""M_ALERT"":0,""M_NONE"":0,""M_SUMMARY"":66}",0.24444444444444444,9191424,131029,0.0,66,0,1000,0,0
PASS,2026090901,low,central_coordinated,1.0,"{""P1"":0,""P2"":0,""P3"":0}","{""P1"":0.0,""P2"":0.0,""P3"":0.0}","{""H_ALERT"":0,""H_FULL"":0,""H_NONE"":0,""H_SUMMARY"":270,""L_ALERT"":0,""L_NONE"":0,""L_SUMMARY"":0,""M_ALERT"":0,""M_NONE"":0,""M_SUMMARY"":0}",0.0,4423680,16341,,0,0,374,0,0
PASS,2026090901,low,shielded_coordinated,1.0,"{""P1"":0,""P2"":0,""P3"":0}","{""P1"":0.0,""P2"":0.0,""P3"":0.0}","{""H_ALERT"":0,""H_FULL"":0,""H_NONE"":0,""H_SUMMARY"":270,""L_ALERT"":0,""L_NONE"":0,""L_SUMMARY"":0,""M_ALERT"":0,""M_NONE"":0,""M_SUMMARY"":0}",0.0,4423680,16341,,0,0,374,0,0
PASS,2026090901,mid,desynchronized_independent,1.0,"{""P1"":595,""P2"":193,""P3"":691}","{""P1"":0.595,""P2"":0.193,""P3"":0.691}","{""H_ALERT"":0,""H_FULL"":180,""H_NONE"":90,""H_SUMMARY"":0,""L_ALERT"":0,""L_NONE"":0,""L_SUMMARY"":0,""M_ALERT"":0,""M_NONE"":0,""M_SUMMARY"":0}",0.6666666666666666,23592960,130985,0.5055555555555555,180,91,809,0,0
PASS,2026090901,mid,synchronized_independent,1.0,"{""P1"":0,""P2"":0,""P3"":0}","{""P1"":0.0,""P2"":0.0,""P3"":0.0}","{""H_ALERT"":0,""H_FULL"":135,""H_NONE"":135,""H_SUMMARY"":0,""L_ALERT"":0,""L_NONE"":0,""L_SUMMARY"":0,""M_ALERT"":0,""M_NONE"":0,""M_SUMMARY"":0}",0.5,17694720,130985,0.0,135,0,1500,0,0
PASS,2026090901,mid,central_coordinated,1.0,"{""P1"":0,""P2"":0,""P3"":0}","{""P1"":0.0,""P2"":0.0,""P3"":0.0}","{""H_ALERT"":0,""H_FULL"":90,""H_NONE"":0,""H_SUMMARY"":180,""L_ALERT"":0,""L_NONE"":0,""L_SUMMARY"":0,""M_ALERT"":0,""M_NONE"":0,""M_SUMMARY"":0}",0.3333333333333333,14745600,130985,1.0,90,90,624,0,0
PASS,2026090901,mid,shielded_coordinated,1.0,"{""P1"":0,""P2"":0,""P3"":0}","{""P1"":0.0,""P2"":0.0,""P3"":0.0}","{""H_ALERT"":0,""H_FULL"":90,""H_NONE"":0,""H_SUMMARY"":180,""L_ALERT"":0,""L_NONE"":0,""L_SUMMARY"":0,""M_ALERT"":0,""M_NONE"":0,""M_SUMMARY"":0}",0.3333333333333333,14745600,130985,1.0,90,90,624,0,0
PASS,2026090901,high,desynchronized_independent,1.0,"{""P1"":595,""P2"":193,""P3"":691}","{""P1"":0.595,""P2"":0.193,""P3"":0.691}","{""H_ALERT"":0,""H_FULL"":270,""H_NONE"":0,""H_SUMMARY"":0,""L_ALERT"":0,""L_NONE"":0,""L_SUMMARY"":0,""M_ALERT"":0,""M_NONE"":0,""M_SUMMARY"":0}",1.0,35389440,121111,1.0,270,270,308,0,0
PASS,2026090901,high,synchronized_independent,1.0,"{""P1"":0,""P2"":0,""P3"":0}","{""P1"":0.0,""P2"":0.0,""P3"":0.0}","{""H_ALERT"":0,""H_FULL"":270,""H_NONE"":0,""H_SUMMARY"":0,""L_ALERT"":0,""L_NONE"":0,""L_SUMMARY"":0,""M_ALERT"":0,""M_NONE"":0,""M_SUMMARY"":0}",1.0,35389440,130941,1.0,270,270,999,0,0
PASS,2026090901,high,central_coordinated,1.0,"{""P1"":0,""P2"":0,""P3"":0}","{""P1"":0.0,""P2"":0.0,""P3"":0.0}","{""H_ALERT"":0,""H_FULL"":270,""H_NONE"":0,""H_SUMMARY"":0,""L_ALERT"":0,""L_NONE"":0,""L_SUMMARY"":0,""M_ALERT"":0,""M_NONE"":0,""M_SUMMARY"":0}",1.0,35389440,130941,1.0,270,270,999,0,0
PASS,2026090901,high,shielded_coordinated,1.0,"{""P1"":0,""P2"":0,""P3"":0}","{""P1"":0.0,""P2"":0.0,""P3"":0.0}","{""H_ALERT"":0,""H_FULL"":270,""H_NONE"":0,""H_SUMMARY"":0,""L_ALERT"":0,""L_NONE"":0,""L_SUMMARY"":0,""M_ALERT"":0,""M_NONE"":0,""M_SUMMARY"":0}",1.0,35389440,130941,1.0,270,270,999,0,0
PASS,2026090902,low,desynchronized_independent,1.0,"{""P1"":403,""P2"":632,""P3"":306}","{""P1"":0.403,""P2"":0.632,""P3"":0.306}","{""H_ALERT"":0,""H_FULL"":90,""H_NONE"":180,""H_SUMMARY"":0,""L_ALERT"":0,""L_NONE"":0,""L_SUMMARY"":0,""M_ALERT"":0,""M_NONE"":0,""M_SUMMARY"":0}",0.3333333333333333,11796480,131029,0.0,90,0,1369,0,0
PASS,2026090902,low,synchronized_independent,1.0,"{""P1"":0,""P2"":0,""P3"":0}","{""P1"":0.0,""P2"":0.0,""P3"":0.0}","{""H_ALERT"":0,""H_FULL"":66,""H_NONE"":138,""H_SUMMARY"":0,""L_ALERT"":0,""L_NONE"":0,""L_SUMMARY"":0,""M_ALERT"":0,""M_NONE"":0,""M_SUMMARY"":66}",0.24444444444444444,9191424,131029,0.0,66,0,1000,0,0
PASS,2026090902,low,central_coordinated,1.0,"{""P1"":0,""P2"":0,""P3"":0}","{""P1"":0.0,""P2"":0.0,""P3"":0.0}","{""H_ALERT"":0,""H_FULL"":0,""H_NONE"":0,""H_SUMMARY"":270,""L_ALERT"":0,""L_NONE"":0,""L_SUMMARY"":0,""M_ALERT"":0,""M_NONE"":0,""M_SUMMARY"":0}",0.0,4423680,16341,,0,0,374,0,0
PASS,2026090902,low,shielded_coordinated,1.0,"{""P1"":0,""P2"":0,""P3"":0}","{""P1"":0.0,""P2"":0.0,""P3"":0.0}","{""H_ALERT"":0,""H_FULL"":0,""H_NONE"":0,""H_SUMMARY"":270,""L_ALERT"":0,""L_NONE"":0,""L_SUMMARY"":0,""M_ALERT"":0,""M_NONE"":0,""M_SUMMARY"":0}",0.0,4423680,16341,,0,0,374,0,0
PASS,2026090902,mid,desynchronized_independent,1.0,"{""P1"":403,""P2"":632,""P3"":306}","{""P1"":0.403,""P2"":0.632,""P3"":0.306}","{""H_ALERT"":0,""H_FULL"":180,""H_NONE"":90,""H_SUMMARY"":0,""L_ALERT"":0,""L_NONE"":0,""L_SUMMARY"":0,""M_ALERT"":0,""M_NONE"":0,""M_SUMMARY"":0}",0.6666666666666666,23592960,130985,0.5,180,90,868,0,0
PASS,2026090902,mid,synchronized_independent,1.0,"{""P1"":0,""P2"":0,""P3"":0}","{""P1"":0.0,""P2"":0.0,""P3"":0.0}","{""H_ALERT"":0,""H_FULL"":135,""H_NONE"":135,""H_SUMMARY"":0,""L_ALERT"":0,""L_NONE"":0,""L_SUMMARY"":0,""M_ALERT"":0,""M_NONE"":0,""M_SUMMARY"":0}",0.5,17694720,130985,0.0,135,0,1500,0,0
PASS,2026090902,mid,central_coordinated,1.0,"{""P1"":0,""P2"":0,""P3"":0}","{""P1"":0.0,""P2"":0.0,""P3"":0.0}","{""H_ALERT"":0,""H_FULL"":90,""H_NONE"":0,""H_SUMMARY"":180,""L_ALERT"":0,""L_NONE"":0,""L_SUMMARY"":0,""M_ALERT"":0,""M_NONE"":0,""M_SUMMARY"":0}",0.3333333333333333,14745600,130985,1.0,90,90,624,0,0
PASS,2026090902,mid,shielded_coordinated,1.0,"{""P1"":0,""P2"":0,""P3"":0}","{""P1"":0.0,""P2"":0.0,""P3"":0.0}","{""H_ALERT"":0,""H_FULL"":90,""H_NONE"":0,""H_SUMMARY"":180,""L_ALERT"":0,""L_NONE"":0,""L_SUMMARY"":0,""M_ALERT"":0,""M_NONE"":0,""M_SUMMARY"":0}",0.3333333333333333,14745600,130985,1.0,90,90,624,0,0
PASS,2026090902,high,desynchronized_independent,1.0,"{""P1"":403,""P2"":632,""P3"":306}","{""P1"":0.403,""P2"":0.632,""P3"":0.306}","{""H_ALERT"":0,""H_FULL"":270,""H_NONE"":0,""H_SUMMARY"":0,""L_ALERT"":0,""L_NONE"":0,""L_SUMMARY"":0,""M_ALERT"":0,""M_NONE"":0,""M_SUMMARY"":0}",1.0,35389440,130876,1.0,270,270,367,0,0
PASS,2026090902,high,synchronized_independent,1.0,"{""P1"":0,""P2"":0,""P3"":0}","{""P1"":0.0,""P2"":0.0,""P3"":0.0}","{""H_ALERT"":0,""H_FULL"":270,""H_NONE"":0,""H_SUMMARY"":0,""L_ALERT"":0,""L_NONE"":0,""L_SUMMARY"":0,""M_ALERT"":0,""M_NONE"":0,""M_SUMMARY"":0}",1.0,35389440,130941,1.0,270,270,999,0,0
PASS,2026090902,high,central_coordinated,1.0,"{""P1"":0,""P2"":0,""P3"":0}","{""P1"":0.0,""P2"":0.0,""P3"":0.0}","{""H_ALERT"":0,""H_FULL"":270,""H_NONE"":0,""H_SUMMARY"":0,""L_ALERT"":0,""L_NONE"":0,""L_SUMMARY"":0,""M_ALERT"":0,""M_NONE"":0,""M_SUMMARY"":0}",1.0,35389440,130941,1.0,270,270,999,0,0
PASS,2026090902,high,shielded_coordinated,1.0,"{""P1"":0,""P2"":0,""P3"":0}","{""P1"":0.0,""P2"":0.0,""P3"":0.0}","{""H_ALERT"":0,""H_FULL"":270,""H_NONE"":0,""H_SUMMARY"":0,""L_ALERT"":0,""L_NONE"":0,""L_SUMMARY"":0,""M_ALERT"":0,""M_NONE"":0,""M_SUMMARY"":0}",1.0,35389440,130941,1.0,270,270,999,0,0
PASS,2026090903,low,desynchronized_independent,1.0,"{""P1"":489,""P2"":690,""P3"":996}","{""P1"":0.489,""P2"":0.69,""P3"":0.996}","{""H_ALERT"":0,""H_FULL"":90,""H_NONE"":180,""H_SUMMARY"":0,""L_ALERT"":0,""L_NONE"":0,""L_SUMMARY"":0,""M_ALERT"":0,""M_NONE"":0,""M_SUMMARY"":0}",0.3333333333333333,11796480,131029,0.0,90,0,2004,0,0
PASS,2026090903,low,synchronized_independent,1.0,"{""P1"":0,""P2"":0,""P3"":0}","{""P1"":0.0,""P2"":0.0,""P3"":0.0}","{""H_ALERT"":0,""H_FULL"":66,""H_NONE"":138,""H_SUMMARY"":0,""L_ALERT"":0,""L_NONE"":0,""L_SUMMARY"":0,""M_ALERT"":0,""M_NONE"":0,""M_SUMMARY"":66}",0.24444444444444444,9191424,131029,0.0,66,0,1000,0,0
PASS,2026090903,low,central_coordinated,1.0,"{""P1"":0,""P2"":0,""P3"":0}","{""P1"":0.0,""P2"":0.0,""P3"":0.0}","{""H_ALERT"":0,""H_FULL"":0,""H_NONE"":0,""H_SUMMARY"":270,""L_ALERT"":0,""L_NONE"":0,""L_SUMMARY"":0,""M_ALERT"":0,""M_NONE"":0,""M_SUMMARY"":0}",0.0,4423680,16341,,0,0,374,0,0
PASS,2026090903,low,shielded_coordinated,1.0,"{""P1"":0,""P2"":0,""P3"":0}","{""P1"":0.0,""P2"":0.0,""P3"":0.0}","{""H_ALERT"":0,""H_FULL"":0,""H_NONE"":0,""H_SUMMARY"":270,""L_ALERT"":0,""L_NONE"":0,""L_SUMMARY"":0,""M_ALERT"":0,""M_NONE"":0,""M_SUMMARY"":0}",0.0,4423680,16341,,0,0,374,0,0
PASS,2026090903,mid,desynchronized_independent,1.0,"{""P1"":489,""P2"":690,""P3"":996}","{""P1"":0.489,""P2"":0.69,""P3"":0.996}","{""H_ALERT"":0,""H_FULL"":180,""H_NONE"":90,""H_SUMMARY"":0,""L_ALERT"":0,""L_NONE"":0,""L_SUMMARY"":0,""M_ALERT"":0,""M_NONE"":0,""M_SUMMARY"":0}",0.6666666666666666,23592960,130985,0.5,180,90,1004,0,0
PASS,2026090903,mid,synchronized_independent,1.0,"{""P1"":0,""P2"":0,""P3"":0}","{""P1"":0.0,""P2"":0.0,""P3"":0.0}","{""H_ALERT"":0,""H_FULL"":135,""H_NONE"":135,""H_SUMMARY"":0,""L_ALERT"":0,""L_NONE"":0,""L_SUMMARY"":0,""M_ALERT"":0,""M_NONE"":0,""M_SUMMARY"":0}",0.5,17694720,130985,0.0,135,0,1500,0,0
PASS,2026090903,mid,central_coordinated,1.0,"{""P1"":0,""P2"":0,""P3"":0}","{""P1"":0.0,""P2"":0.0,""P3"":0.0}","{""H_ALERT"":0,""H_FULL"":90,""H_NONE"":0,""H_SUMMARY"":180,""L_ALERT"":0,""L_NONE"":0,""L_SUMMARY"":0,""M_ALERT"":0,""M_NONE"":0,""M_SUMMARY"":0}",0.3333333333333333,14745600,130985,1.0,90,90,624,0,0
PASS,2026090903,mid,shielded_coordinated,1.0,"{""P1"":0,""P2"":0,""P3"":0}","{""P1"":0.0,""P2"":0.0,""P3"":0.0}","{""H_ALERT"":0,""H_FULL"":90,""H_NONE"":0,""H_SUMMARY"":180,""L_ALERT"":0,""L_NONE"":0,""L_SUMMARY"":0,""M_ALERT"":0,""M_NONE"":0,""M_SUMMARY"":0}",0.3333333333333333,14745600,130985,1.0,90,90,624,0,0
PASS,2026090903,high,desynchronized_independent,1.0,"{""P1"":489,""P2"":690,""P3"":996}","{""P1"":0.489,""P2"":0.69,""P3"":0.996}","{""H_ALERT"":0,""H_FULL"":270,""H_NONE"":0,""H_SUMMARY"":0,""L_ALERT"":0,""L_NONE"":0,""L_SUMMARY"":0,""M_ALERT"":0,""M_NONE"":0,""M_SUMMARY"":0}",1.0,35389440,1180,1.0,270,270,3,0,0
PASS,2026090903,high,synchronized_independent,1.0,"{""P1"":0,""P2"":0,""P3"":0}","{""P1"":0.0,""P2"":0.0,""P3"":0.0}","{""H_ALERT"":0,""H_FULL"":270,""H_NONE"":0,""H_SUMMARY"":0,""L_ALERT"":0,""L_NONE"":0,""L_SUMMARY"":0,""M_ALERT"":0,""M_NONE"":0,""M_SUMMARY"":0}",1.0,35389440,130941,1.0,270,270,999,0,0
PASS,2026090903,high,central_coordinated,1.0,"{""P1"":0,""P2"":0,""P3"":0}","{""P1"":0.0,""P2"":0.0,""P3"":0.0}","{""H_ALERT"":0,""H_FULL"":270,""H_NONE"":0,""H_SUMMARY"":0,""L_ALERT"":0,""L_NONE"":0,""L_SUMMARY"":0,""M_ALERT"":0,""M_NONE"":0,""M_SUMMARY"":0}",1.0,35389440,130941,1.0,270,270,999,0,0
PASS,2026090903,high,shielded_coordinated,1.0,"{""P1"":0,""P2"":0,""P3"":0}","{""P1"":0.0,""P2"":0.0,""P3"":0.0}","{""H_ALERT"":0,""H_FULL"":270,""H_NONE"":0,""H_SUMMARY"":0,""L_ALERT"":0,""L_NONE"":0,""L_SUMMARY"":0,""M_ALERT"":0,""M_NONE"":0,""M_SUMMARY"":0}",1.0,35389440,130941,1.0,270,270,999,0,0
PASS,2026090904,low,desynchronized_independent,1.0,"{""P1"":945,""P2"":680,""P3"":799}","{""P1"":0.945,""P2"":0.68,""P3"":0.799}","{""H_ALERT"":0,""H_FULL"":90,""H_NONE"":180,""H_SUMMARY"":0,""L_ALERT"":0,""L_NONE"":0,""L_SUMMARY"":0,""M_ALERT"":0,""M_NONE"":0,""M_SUMMARY"":0}",0.3333333333333333,11796480,131028,0.0,90,0,2055,0,0
PASS,2026090904,low,synchronized_independent,1.0,"{""P1"":0,""P2"":0,""P3"":0}","{""P1"":0.0,""P2"":0.0,""P3"":0.0}","{""H_ALERT"":0,""H_FULL"":66,""H_NONE"":138,""H_SUMMARY"":0,""L_ALERT"":0,""L_NONE"":0,""L_SUMMARY"":0,""M_ALERT"":0,""M_NONE"":0,""M_SUMMARY"":66}",0.24444444444444444,9191424,131029,0.0,66,0,1000,0,0
PASS,2026090904,low,central_coordinated,1.0,"{""P1"":0,""P2"":0,""P3"":0}","{""P1"":0.0,""P2"":0.0,""P3"":0.0}","{""H_ALERT"":0,""H_FULL"":0,""H_NONE"":0,""H_SUMMARY"":270,""L_ALERT"":0,""L_NONE"":0,""L_SUMMARY"":0,""M_ALERT"":0,""M_NONE"":0,""M_SUMMARY"":0}",0.0,4423680,16341,,0,0,374,0,0
PASS,2026090904,low,shielded_coordinated,1.0,"{""P1"":0,""P2"":0,""P3"":0}","{""P1"":0.0,""P2"":0.0,""P3"":0.0}","{""H_ALERT"":0,""H_FULL"":0,""H_NONE"":0,""H_SUMMARY"":270,""L_ALERT"":0,""L_NONE"":0,""L_SUMMARY"":0,""M_ALERT"":0,""M_NONE"":0,""M_SUMMARY"":0}",0.0,4423680,16341,,0,0,374,0,0
PASS,2026090904,mid,desynchronized_independent,1.0,"{""P1"":945,""P2"":680,""P3"":799}","{""P1"":0.945,""P2"":0.68,""P3"":0.799}","{""H_ALERT"":0,""H_FULL"":180,""H_NONE"":90,""H_SUMMARY"":0,""L_ALERT"":0,""L_NONE"":0,""L_SUMMARY"":0,""M_ALERT"":0,""M_NONE"":0,""M_SUMMARY"":0}",0.6666666666666666,23592960,130985,0.5,180,90,555,0,0
PASS,2026090904,mid,synchronized_independent,1.0,"{""P1"":0,""P2"":0,""P3"":0}","{""P1"":0.0,""P2"":0.0,""P3"":0.0}","{""H_ALERT"":0,""H_FULL"":135,""H_NONE"":135,""H_SUMMARY"":0,""L_ALERT"":0,""L_NONE"":0,""L_SUMMARY"":0,""M_ALERT"":0,""M_NONE"":0,""M_SUMMARY"":0}",0.5,17694720,130985,0.0,135,0,1500,0,0
PASS,2026090904,mid,central_coordinated,1.0,"{""P1"":0,""P2"":0,""P3"":0}","{""P1"":0.0,""P2"":0.0,""P3"":0.0}","{""H_ALERT"":0,""H_FULL"":90,""H_NONE"":0,""H_SUMMARY"":180,""L_ALERT"":0,""L_NONE"":0,""L_SUMMARY"":0,""M_ALERT"":0,""M_NONE"":0,""M_SUMMARY"":0}",0.3333333333333333,14745600,130985,1.0,90,90,624,0,0
PASS,2026090904,mid,shielded_coordinated,1.0,"{""P1"":0,""P2"":0,""P3"":0}","{""P1"":0.0,""P2"":0.0,""P3"":0.0}","{""H_ALERT"":0,""H_FULL"":90,""H_NONE"":0,""H_SUMMARY"":180,""L_ALERT"":0,""L_NONE"":0,""L_SUMMARY"":0,""M_ALERT"":0,""M_NONE"":0,""M_SUMMARY"":0}",0.3333333333333333,14745600,130985,1.0,90,90,624,0,0
PASS,2026090904,high,desynchronized_independent,1.0,"{""P1"":945,""P2"":680,""P3"":799}","{""P1"":0.945,""P2"":0.68,""P3"":0.799}","{""H_ALERT"":0,""H_FULL"":270,""H_NONE"":0,""H_SUMMARY"":0,""L_ALERT"":0,""L_NONE"":0,""L_SUMMARY"":0,""M_ALERT"":0,""M_NONE"":0,""M_SUMMARY"":0}",1.0,35389440,21234,1.0,270,270,54,0,0
PASS,2026090904,high,synchronized_independent,1.0,"{""P1"":0,""P2"":0,""P3"":0}","{""P1"":0.0,""P2"":0.0,""P3"":0.0}","{""H_ALERT"":0,""H_FULL"":270,""H_NONE"":0,""H_SUMMARY"":0,""L_ALERT"":0,""L_NONE"":0,""L_SUMMARY"":0,""M_ALERT"":0,""M_NONE"":0,""M_SUMMARY"":0}",1.0,35389440,130941,1.0,270,270,999,0,0
PASS,2026090904,high,central_coordinated,1.0,"{""P1"":0,""P2"":0,""P3"":0}","{""P1"":0.0,""P2"":0.0,""P3"":0.0}","{""H_ALERT"":0,""H_FULL"":270,""H_NONE"":0,""H_SUMMARY"":0,""L_ALERT"":0,""L_NONE"":0,""L_SUMMARY"":0,""M_ALERT"":0,""M_NONE"":0,""M_SUMMARY"":0}",1.0,35389440,130941,1.0,270,270,999,0,0
PASS,2026090904,high,shielded_coordinated,1.0,"{""P1"":0,""P2"":0,""P3"":0}","{""P1"":0.0,""P2"":0.0,""P3"":0.0}","{""H_ALERT"":0,""H_FULL"":270,""H_NONE"":0,""H_SUMMARY"":0,""L_ALERT"":0,""L_NONE"":0,""L_SUMMARY"":0,""M_ALERT"":0,""M_NONE"":0,""M_SUMMARY"":0}",1.0,35389440,130941,1.0,270,270,999,0,0
PASS,2026090905,low,desynchronized_independent,1.0,"{""P1"":154,""P2"":172,""P3"":828}","{""P1"":0.154,""P2"":0.172,""P3"":0.828}","{""H_ALERT"":0,""H_FULL"":90,""H_NONE"":180,""H_SUMMARY"":0,""L_ALERT"":0,""L_NONE"":0,""L_SUMMARY"":0,""M_ALERT"":0,""M_NONE"":0,""M_SUMMARY"":0}",0.3333333333333333,11796480,131028,0.0,90,0,1172,0,0
PASS,2026090905,low,synchronized_independent,1.0,"{""P1"":0,""P2"":0,""P3"":0}","{""P1"":0.0,""P2"":0.0,""P3"":0.0}","{""H_ALERT"":0,""H_FULL"":66,""H_NONE"":138,""H_SUMMARY"":0,""L_ALERT"":0,""L_NONE"":0,""L_SUMMARY"":0,""M_ALERT"":0,""M_NONE"":0,""M_SUMMARY"":66}",0.24444444444444444,9191424,131029,0.0,66,0,1000,0,0
PASS,2026090905,low,central_coordinated,1.0,"{""P1"":0,""P2"":0,""P3"":0}","{""P1"":0.0,""P2"":0.0,""P3"":0.0}","{""H_ALERT"":0,""H_FULL"":0,""H_NONE"":0,""H_SUMMARY"":270,""L_ALERT"":0,""L_NONE"":0,""L_SUMMARY"":0,""M_ALERT"":0,""M_NONE"":0,""M_SUMMARY"":0}",0.0,4423680,16341,,0,0,374,0,0
PASS,2026090905,low,shielded_coordinated,1.0,"{""P1"":0,""P2"":0,""P3"":0}","{""P1"":0.0,""P2"":0.0,""P3"":0.0}","{""H_ALERT"":0,""H_FULL"":0,""H_NONE"":0,""H_SUMMARY"":270,""L_ALERT"":0,""L_NONE"":0,""L_SUMMARY"":0,""M_ALERT"":0,""M_NONE"":0,""M_SUMMARY"":0}",0.0,4423680,16341,,0,0,374,0,0
PASS,2026090905,mid,desynchronized_independent,1.0,"{""P1"":154,""P2"":172,""P3"":828}","{""P1"":0.154,""P2"":0.172,""P3"":0.828}","{""H_ALERT"":0,""H_FULL"":180,""H_NONE"":90,""H_SUMMARY"":0,""L_ALERT"":0,""L_NONE"":0,""L_SUMMARY"":0,""M_ALERT"":0,""M_NONE"":0,""M_SUMMARY"":0}",0.6666666666666666,23592960,130985,0.5055555555555555,180,91,672,0,0
PASS,2026090905,mid,synchronized_independent,1.0,"{""P1"":0,""P2"":0,""P3"":0}","{""P1"":0.0,""P2"":0.0,""P3"":0.0}","{""H_ALERT"":0,""H_FULL"":135,""H_NONE"":135,""H_SUMMARY"":0,""L_ALERT"":0,""L_NONE"":0,""L_SUMMARY"":0,""M_ALERT"":0,""M_NONE"":0,""M_SUMMARY"":0}",0.5,17694720,130985,0.0,135,0,1500,0,0
PASS,2026090905,mid,central_coordinated,1.0,"{""P1"":0,""P2"":0,""P3"":0}","{""P1"":0.0,""P2"":0.0,""P3"":0.0}","{""H_ALERT"":0,""H_FULL"":90,""H_NONE"":0,""H_SUMMARY"":180,""L_ALERT"":0,""L_NONE"":0,""L_SUMMARY"":0,""M_ALERT"":0,""M_NONE"":0,""M_SUMMARY"":0}",0.3333333333333333,14745600,130985,1.0,90,90,624,0,0
PASS,2026090905,mid,shielded_coordinated,1.0,"{""P1"":0,""P2"":0,""P3"":0}","{""P1"":0.0,""P2"":0.0,""P3"":0.0}","{""H_ALERT"":0,""H_FULL"":90,""H_NONE"":0,""H_SUMMARY"":180,""L_ALERT"":0,""L_NONE"":0,""L_SUMMARY"":0,""M_ALERT"":0,""M_NONE"":0,""M_SUMMARY"":0}",0.3333333333333333,14745600,130985,1.0,90,90,624,0,0
PASS,2026090905,high,desynchronized_independent,1.0,"{""P1"":154,""P2"":172,""P3"":828}","{""P1"":0.154,""P2"":0.172,""P3"":0.828}","{""H_ALERT"":0,""H_FULL"":270,""H_NONE"":0,""H_SUMMARY"":0,""L_ALERT"":0,""L_NONE"":0,""L_SUMMARY"":0,""M_ALERT"":0,""M_NONE"":0,""M_SUMMARY"":0}",1.0,35389440,130876,1.0,270,270,171,0,0
PASS,2026090905,high,synchronized_independent,1.0,"{""P1"":0,""P2"":0,""P3"":0}","{""P1"":0.0,""P2"":0.0,""P3"":0.0}","{""H_ALERT"":0,""H_FULL"":270,""H_NONE"":0,""H_SUMMARY"":0,""L_ALERT"":0,""L_NONE"":0,""L_SUMMARY"":0,""M_ALERT"":0,""M_NONE"":0,""M_SUMMARY"":0}",1.0,35389440,130941,1.0,270,270,999,0,0
PASS,2026090905,high,central_coordinated,1.0,"{""P1"":0,""P2"":0,""P3"":0}","{""P1"":0.0,""P2"":0.0,""P3"":0.0}","{""H_ALERT"":0,""H_FULL"":270,""H_NONE"":0,""H_SUMMARY"":0,""L_ALERT"":0,""L_NONE"":0,""L_SUMMARY"":0,""M_ALERT"":0,""M_NONE"":0,""M_SUMMARY"":0}",1.0,35389440,130941,1.0,270,270,999,0,0
PASS,2026090905,high,shielded_coordinated,1.0,"{""P1"":0,""P2"":0,""P3"":0}","{""P1"":0.0,""P2"":0.0,""P3"":0.0}","{""H_ALERT"":0,""H_FULL"":270,""H_NONE"":0,""H_SUMMARY"":0,""L_ALERT"":0,""L_NONE"":0,""L_SUMMARY"":0,""M_ALERT"":0,""M_NONE"":0,""M_SUMMARY"":0}",1.0,35389440,130941,1.0,270,270,999,0,0
PASS,2026090906,low,desynchronized_independent,1.0,"{""P1"":60,""P2"":626,""P3"":317}","{""P1"":0.06,""P2"":0.626,""P3"":0.317}","{""H_ALERT"":0,""H_FULL"":90,""H_NONE"":180,""H_SUMMARY"":0,""L_ALERT"":0,""L_NONE"":0,""L_SUMMARY"":0,""M_ALERT"":0,""M_NONE"":0,""M_SUMMARY"":0}",0.3333333333333333,11796480,131029,0.0,90,0,1374,0,0
PASS,2026090906,low,synchronized_independent,1.0,"{""P1"":0,""P2"":0,""P3"":0}","{""P1"":0.0,""P2"":0.0,""P3"":0.0}","{""H_ALERT"":0,""H_FULL"":66,""H_NONE"":138,""H_SUMMARY"":0,""L_ALERT"":0,""L_NONE"":0,""L_SUMMARY"":0,""M_ALERT"":0,""M_NONE"":0,""M_SUMMARY"":66}",0.24444444444444444,9191424,131029,0.0,66,0,1000,0,0
PASS,2026090906,low,central_coordinated,1.0,"{""P1"":0,""P2"":0,""P3"":0}","{""P1"":0.0,""P2"":0.0,""P3"":0.0}","{""H_ALERT"":0,""H_FULL"":0,""H_NONE"":0,""H_SUMMARY"":270,""L_ALERT"":0,""L_NONE"":0,""L_SUMMARY"":0,""M_ALERT"":0,""M_NONE"":0,""M_SUMMARY"":0}",0.0,4423680,16341,,0,0,374,0,0
PASS,2026090906,low,shielded_coordinated,1.0,"{""P1"":0,""P2"":0,""P3"":0}","{""P1"":0.0,""P2"":0.0,""P3"":0.0}","{""H_ALERT"":0,""H_FULL"":0,""H_NONE"":0,""H_SUMMARY"":270,""L_ALERT"":0,""L_NONE"":0,""L_SUMMARY"":0,""M_ALERT"":0,""M_NONE"":0,""M_SUMMARY"":0}",0.0,4423680,16341,,0,0,374,0,0
PASS,2026090906,mid,desynchronized_independent,1.0,"{""P1"":60,""P2"":626,""P3"":317}","{""P1"":0.06,""P2"":0.626,""P3"":0.317}","{""H_ALERT"":0,""H_FULL"":180,""H_NONE"":90,""H_SUMMARY"":0,""L_ALERT"":0,""L_NONE"":0,""L_SUMMARY"":0,""M_ALERT"":0,""M_NONE"":0,""M_SUMMARY"":0}",0.6666666666666666,23592960,130985,0.5055555555555555,180,91,874,0,0
PASS,2026090906,mid,synchronized_independent,1.0,"{""P1"":0,""P2"":0,""P3"":0}","{""P1"":0.0,""P2"":0.0,""P3"":0.0}","{""H_ALERT"":0,""H_FULL"":135,""H_NONE"":135,""H_SUMMARY"":0,""L_ALERT"":0,""L_NONE"":0,""L_SUMMARY"":0,""M_ALERT"":0,""M_NONE"":0,""M_SUMMARY"":0}",0.5,17694720,130985,0.0,135,0,1500,0,0
PASS,2026090906,mid,central_coordinated,1.0,"{""P1"":0,""P2"":0,""P3"":0}","{""P1"":0.0,""P2"":0.0,""P3"":0.0}","{""H_ALERT"":0,""H_FULL"":90,""H_NONE"":0,""H_SUMMARY"":180,""L_ALERT"":0,""L_NONE"":0,""L_SUMMARY"":0,""M_ALERT"":0,""M_NONE"":0,""M_SUMMARY"":0}",0.3333333333333333,14745600,130985,1.0,90,90,624,0,0
PASS,2026090906,mid,shielded_coordinated,1.0,"{""P1"":0,""P2"":0,""P3"":0}","{""P1"":0.0,""P2"":0.0,""P3"":0.0}","{""H_ALERT"":0,""H_FULL"":90,""H_NONE"":0,""H_SUMMARY"":180,""L_ALERT"":0,""L_NONE"":0,""L_SUMMARY"":0,""M_ALERT"":0,""M_NONE"":0,""M_SUMMARY"":0}",0.3333333333333333,14745600,130985,1.0,90,90,624,0,0
PASS,2026090906,high,desynchronized_independent,1.0,"{""P1"":60,""P2"":626,""P3"":317}","{""P1"":0.06,""P2"":0.626,""P3"":0.317}","{""H_ALERT"":0,""H_FULL"":270,""H_NONE"":0,""H_SUMMARY"":0,""L_ALERT"":0,""L_NONE"":0,""L_SUMMARY"":0,""M_ALERT"":0,""M_NONE"":0,""M_SUMMARY"":0}",1.0,35389440,130876,1.0,270,270,373,0,0
PASS,2026090906,high,synchronized_independent,1.0,"{""P1"":0,""P2"":0,""P3"":0}","{""P1"":0.0,""P2"":0.0,""P3"":0.0}","{""H_ALERT"":0,""H_FULL"":270,""H_NONE"":0,""H_SUMMARY"":0,""L_ALERT"":0,""L_NONE"":0,""L_SUMMARY"":0,""M_ALERT"":0,""M_NONE"":0,""M_SUMMARY"":0}",1.0,35389440,130941,1.0,270,270,999,0,0
PASS,2026090906,high,central_coordinated,1.0,"{""P1"":0,""P2"":0,""P3"":0}","{""P1"":0.0,""P2"":0.0,""P3"":0.0}","{""H_ALERT"":0,""H_FULL"":270,""H_NONE"":0,""H_SUMMARY"":0,""L_ALERT"":0,""L_NONE"":0,""L_SUMMARY"":0,""M_ALERT"":0,""M_NONE"":0,""M_SUMMARY"":0}",1.0,35389440,130941,1.0,270,270,999,0,0
PASS,2026090906,high,shielded_coordinated,1.0,"{""P1"":0,""P2"":0,""P3"":0}","{""P1"":0.0,""P2"":0.0,""P3"":0.0}","{""H_ALERT"":0,""H_FULL"":270,""H_NONE"":0,""H_SUMMARY"":0,""L_ALERT"":0,""L_NONE"":0,""L_SUMMARY"":0,""M_ALERT"":0,""M_NONE"":0,""M_SUMMARY"":0}",1.0,35389440,130941,1.0,270,270,999,0,0
PASS,2026090907,low,desynchronized_independent,1.0,"{""P1"":753,""P2"":955,""P3"":576}","{""P1"":0.753,""P2"":0.955,""P3"":0.576}","{""H_ALERT"":0,""H_FULL"":90,""H_NONE"":180,""H_SUMMARY"":0,""L_ALERT"":0,""L_NONE"":0,""L_SUMMARY"":0,""M_ALERT"":0,""M_NONE"":0,""M_SUMMARY"":0}",0.3333333333333333,11796480,131029,0.0,90,0,2045,0,0
PASS,2026090907,low,synchronized_independent,1.0,"{""P1"":0,""P2"":0,""P3"":0}","{""P1"":0.0,""P2"":0.0,""P3"":0.0}","{""H_ALERT"":0,""H_FULL"":66,""H_NONE"":138,""H_SUMMARY"":0,""L_ALERT"":0,""L_NONE"":0,""L_SUMMARY"":0,""M_ALERT"":0,""M_NONE"":0,""M_SUMMARY"":66}",0.24444444444444444,9191424,131029,0.0,66,0,1000,0,0
PASS,2026090907,low,central_coordinated,1.0,"{""P1"":0,""P2"":0,""P3"":0}","{""P1"":0.0,""P2"":0.0,""P3"":0.0}","{""H_ALERT"":0,""H_FULL"":0,""H_NONE"":0,""H_SUMMARY"":270,""L_ALERT"":0,""L_NONE"":0,""L_SUMMARY"":0,""M_ALERT"":0,""M_NONE"":0,""M_SUMMARY"":0}",0.0,4423680,16341,,0,0,374,0,0
PASS,2026090907,low,shielded_coordinated,1.0,"{""P1"":0,""P2"":0,""P3"":0}","{""P1"":0.0,""P2"":0.0,""P3"":0.0}","{""H_ALERT"":0,""H_FULL"":0,""H_NONE"":0,""H_SUMMARY"":270,""L_ALERT"":0,""L_NONE"":0,""L_SUMMARY"":0,""M_ALERT"":0,""M_NONE"":0,""M_SUMMARY"":0}",0.0,4423680,16341,,0,0,374,0,0
PASS,2026090907,mid,desynchronized_independent,1.0,"{""P1"":753,""P2"":955,""P3"":576}","{""P1"":0.753,""P2"":0.955,""P3"":0.576}","{""H_ALERT"":0,""H_FULL"":180,""H_NONE"":90,""H_SUMMARY"":0,""L_ALERT"":0,""L_NONE"":0,""L_SUMMARY"":0,""M_ALERT"":0,""M_NONE"":0,""M_SUMMARY"":0}",0.6666666666666666,23592960,130985,0.5,180,90,545,0,0
PASS,2026090907,mid,synchronized_independent,1.0,"{""P1"":0,""P2"":0,""P3"":0}","{""P1"":0.0,""P2"":0.0,""P3"":0.0}","{""H_ALERT"":0,""H_FULL"":135,""H_NONE"":135,""H_SUMMARY"":0,""L_ALERT"":0,""L_NONE"":0,""L_SUMMARY"":0,""M_ALERT"":0,""M_NONE"":0,""M_SUMMARY"":0}",0.5,17694720,130985,0.0,135,0,1500,0,0
PASS,2026090907,mid,central_coordinated,1.0,"{""P1"":0,""P2"":0,""P3"":0}","{""P1"":0.0,""P2"":0.0,""P3"":0.0}","{""H_ALERT"":0,""H_FULL"":90,""H_NONE"":0,""H_SUMMARY"":180,""L_ALERT"":0,""L_NONE"":0,""L_SUMMARY"":0,""M_ALERT"":0,""M_NONE"":0,""M_SUMMARY"":0}",0.3333333333333333,14745600,130985,1.0,90,90,624,0,0
PASS,2026090907,mid,shielded_coordinated,1.0,"{""P1"":0,""P2"":0,""P3"":0}","{""P1"":0.0,""P2"":0.0,""P3"":0.0}","{""H_ALERT"":0,""H_FULL"":90,""H_NONE"":0,""H_SUMMARY"":180,""L_ALERT"":0,""L_NONE"":0,""L_SUMMARY"":0,""M_ALERT"":0,""M_NONE"":0,""M_SUMMARY"":0}",0.3333333333333333,14745600,130985,1.0,90,90,624,0,0
PASS,2026090907,high,desynchronized_independent,1.0,"{""P1"":753,""P2"":955,""P3"":576}","{""P1"":0.753,""P2"":0.955,""P3"":0.576}","{""H_ALERT"":0,""H_FULL"":270,""H_NONE"":0,""H_SUMMARY"":0,""L_ALERT"":0,""L_NONE"":0,""L_SUMMARY"":0,""M_ALERT"":0,""M_NONE"":0,""M_SUMMARY"":0}",1.0,35389440,17302,1.0,270,270,44,0,0
PASS,2026090907,high,synchronized_independent,1.0,"{""P1"":0,""P2"":0,""P3"":0}","{""P1"":0.0,""P2"":0.0,""P3"":0.0}","{""H_ALERT"":0,""H_FULL"":270,""H_NONE"":0,""H_SUMMARY"":0,""L_ALERT"":0,""L_NONE"":0,""L_SUMMARY"":0,""M_ALERT"":0,""M_NONE"":0,""M_SUMMARY"":0}",1.0,35389440,130941,1.0,270,270,999,0,0
PASS,2026090907,high,central_coordinated,1.0,"{""P1"":0,""P2"":0,""P3"":0}","{""P1"":0.0,""P2"":0.0,""P3"":0.0}","{""H_ALERT"":0,""H_FULL"":270,""H_NONE"":0,""H_SUMMARY"":0,""L_ALERT"":0,""L_NONE"":0,""L_SUMMARY"":0,""M_ALERT"":0,""M_NONE"":0,""M_SUMMARY"":0}",1.0,35389440,130941,1.0,270,270,999,0,0
PASS,2026090907,high,shielded_coordinated,1.0,"{""P1"":0,""P2"":0,""P3"":0}","{""P1"":0.0,""P2"":0.0,""P3"":0.0}","{""H_ALERT"":0,""H_FULL"":270,""H_NONE"":0,""H_SUMMARY"":0,""L_ALERT"":0,""L_NONE"":0,""L_SUMMARY"":0,""M_ALERT"":0,""M_NONE"":0,""M_SUMMARY"":0}",1.0,35389440,130941,1.0,270,270,999,0,0
PASS,2026090908,low,desynchronized_independent,1.0,"{""P1"":884,""P2"":483,""P3"":389}","{""P1"":0.884,""P2"":0.483,""P3"":0.389}","{""H_ALERT"":0,""H_FULL"":90,""H_NONE"":180,""H_SUMMARY"":0,""L_ALERT"":0,""L_NONE"":0,""L_SUMMARY"":0,""M_ALERT"":0,""M_NONE"":0,""M_SUMMARY"":0}",0.3333333333333333,11796480,131029,0.0,90,0,1116,0,0
PASS,2026090908,low,synchronized_independent,1.0,"{""P1"":0,""P2"":0,""P3"":0}","{""P1"":0.0,""P2"":0.0,""P3"":0.0}","{""H_ALERT"":0,""H_FULL"":66,""H_NONE"":138,""H_SUMMARY"":0,""L_ALERT"":0,""L_NONE"":0,""L_SUMMARY"":0,""M_ALERT"":0,""M_NONE"":0,""M_SUMMARY"":66}",0.24444444444444444,9191424,131029,0.0,66,0,1000,0,0
PASS,2026090908,low,central_coordinated,1.0,"{""P1"":0,""P2"":0,""P3"":0}","{""P1"":0.0,""P2"":0.0,""P3"":0.0}","{""H_ALERT"":0,""H_FULL"":0,""H_NONE"":0,""H_SUMMARY"":270,""L_ALERT"":0,""L_NONE"":0,""L_SUMMARY"":0,""M_ALERT"":0,""M_NONE"":0,""M_SUMMARY"":0}",0.0,4423680,16341,,0,0,374,0,0
PASS,2026090908,low,shielded_coordinated,1.0,"{""P1"":0,""P2"":0,""P3"":0}","{""P1"":0.0,""P2"":0.0,""P3"":0.0}","{""H_ALERT"":0,""H_FULL"":0,""H_NONE"":0,""H_SUMMARY"":270,""L_ALERT"":0,""L_NONE"":0,""L_SUMMARY"":0,""M_ALERT"":0,""M_NONE"":0,""M_SUMMARY"":0}",0.0,4423680,16341,,0,0,374,0,0
PASS,2026090908,mid,desynchronized_independent,1.0,"{""P1"":884,""P2"":483,""P3"":389}","{""P1"":0.884,""P2"":0.483,""P3"":0.389}","{""H_ALERT"":0,""H_FULL"":180,""H_NONE"":90,""H_SUMMARY"":0,""L_ALERT"":0,""L_NONE"":0,""L_SUMMARY"":0,""M_ALERT"":0,""M_NONE"":0,""M_SUMMARY"":0}",0.6666666666666666,23592960,130985,0.5,180,90,1116,0,0
PASS,2026090908,mid,synchronized_independent,1.0,"{""P1"":0,""P2"":0,""P3"":0}","{""P1"":0.0,""P2"":0.0,""P3"":0.0}","{""H_ALERT"":0,""H_FULL"":135,""H_NONE"":135,""H_SUMMARY"":0,""L_ALERT"":0,""L_NONE"":0,""L_SUMMARY"":0,""M_ALERT"":0,""M_NONE"":0,""M_SUMMARY"":0}",0.5,17694720,130985,0.0,135,0,1500,0,0
PASS,2026090908,mid,central_coordinated,1.0,"{""P1"":0,""P2"":0,""P3"":0}","{""P1"":0.0,""P2"":0.0,""P3"":0.0}","{""H_ALERT"":0,""H_FULL"":90,""H_NONE"":0,""H_SUMMARY"":180,""L_ALERT"":0,""L_NONE"":0,""L_SUMMARY"":0,""M_ALERT"":0,""M_NONE"":0,""M_SUMMARY"":0}",0.3333333333333333,14745600,130985,1.0,90,90,624,0,0
PASS,2026090908,mid,shielded_coordinated,1.0,"{""P1"":0,""P2"":0,""P3"":0}","{""P1"":0.0,""P2"":0.0,""P3"":0.0}","{""H_ALERT"":0,""H_FULL"":90,""H_NONE"":0,""H_SUMMARY"":180,""L_ALERT"":0,""L_NONE"":0,""L_SUMMARY"":0,""M_ALERT"":0,""M_NONE"":0,""M_SUMMARY"":0}",0.3333333333333333,14745600,130985,1.0,90,90,624,0,0
PASS,2026090908,high,desynchronized_independent,1.0,"{""P1"":884,""P2"":483,""P3"":389}","{""P1"":0.884,""P2"":0.483,""P3"":0.389}","{""H_ALERT"":0,""H_FULL"":270,""H_NONE"":0,""H_SUMMARY"":0,""L_ALERT"":0,""L_NONE"":0,""L_SUMMARY"":0,""M_ALERT"":0,""M_NONE"":0,""M_SUMMARY"":0}",1.0,35389440,71828,1.0,270,270,115,0,0
PASS,2026090908,high,synchronized_independent,1.0,"{""P1"":0,""P2"":0,""P3"":0}","{""P1"":0.0,""P2"":0.0,""P3"":0.0}","{""H_ALERT"":0,""H_FULL"":270,""H_NONE"":0,""H_SUMMARY"":0,""L_ALERT"":0,""L_NONE"":0,""L_SUMMARY"":0,""M_ALERT"":0,""M_NONE"":0,""M_SUMMARY"":0}",1.0,35389440,130941,1.0,270,270,999,0,0
PASS,2026090908,high,central_coordinated,1.0,"{""P1"":0,""P2"":0,""P3"":0}","{""P1"":0.0,""P2"":0.0,""P3"":0.0}","{""H_ALERT"":0,""H_FULL"":270,""H_NONE"":0,""H_SUMMARY"":0,""L_ALERT"":0,""L_NONE"":0,""L_SUMMARY"":0,""M_ALERT"":0,""M_NONE"":0,""M_SUMMARY"":0}",1.0,35389440,130941,1.0,270,270,999,0,0
PASS,2026090908,high,shielded_coordinated,1.0,"{""P1"":0,""P2"":0,""P3"":0}","{""P1"":0.0,""P2"":0.0,""P3"":0.0}","{""H_ALERT"":0,""H_FULL"":270,""H_NONE"":0,""H_SUMMARY"":0,""L_ALERT"":0,""L_NONE"":0,""L_SUMMARY"":0,""M_ALERT"":0,""M_NONE"":0,""M_SUMMARY"":0}",1.0,35389440,130941,1.0,270,270,999,0,0
PASS,2026090909,low,desynchronized_independent,1.0,"{""P1"":530,""P2"":348,""P3"":834}","{""P1"":0.53,""P2"":0.348,""P3"":0.834}","{""H_ALERT"":0,""H_FULL"":90,""H_NONE"":180,""H_SUMMARY"":0,""L_ALERT"":0,""L_NONE"":0,""L_SUMMARY"":0,""M_ALERT"":0,""M_NONE"":0,""M_SUMMARY"":0}",0.3333333333333333,11796480,131029,0.0,90,0,1166,0,0
PASS,2026090909,low,synchronized_independent,1.0,"{""P1"":0,""P2"":0,""P3"":0}","{""P1"":0.0,""P2"":0.0,""P3"":0.0}","{""H_ALERT"":0,""H_FULL"":66,""H_NONE"":138,""H_SUMMARY"":0,""L_ALERT"":0,""L_NONE"":0,""L_SUMMARY"":0,""M_ALERT"":0,""M_NONE"":0,""M_SUMMARY"":66}",0.24444444444444444,9191424,131029,0.0,66,0,1000,0,0
PASS,2026090909,low,central_coordinated,1.0,"{""P1"":0,""P2"":0,""P3"":0}","{""P1"":0.0,""P2"":0.0,""P3"":0.0}","{""H_ALERT"":0,""H_FULL"":0,""H_NONE"":0,""H_SUMMARY"":270,""L_ALERT"":0,""L_NONE"":0,""L_SUMMARY"":0,""M_ALERT"":0,""M_NONE"":0,""M_SUMMARY"":0}",0.0,4423680,16341,,0,0,374,0,0
PASS,2026090909,low,shielded_coordinated,1.0,"{""P1"":0,""P2"":0,""P3"":0}","{""P1"":0.0,""P2"":0.0,""P3"":0.0}","{""H_ALERT"":0,""H_FULL"":0,""H_NONE"":0,""H_SUMMARY"":270,""L_ALERT"":0,""L_NONE"":0,""L_SUMMARY"":0,""M_ALERT"":0,""M_NONE"":0,""M_SUMMARY"":0}",0.0,4423680,16341,,0,0,374,0,0
PASS,2026090909,mid,desynchronized_independent,1.0,"{""P1"":530,""P2"":348,""P3"":834}","{""P1"":0.53,""P2"":0.348,""P3"":0.834}","{""H_ALERT"":0,""H_FULL"":180,""H_NONE"":90,""H_SUMMARY"":0,""L_ALERT"":0,""L_NONE"":0,""L_SUMMARY"":0,""M_ALERT"":0,""M_NONE"":0,""M_SUMMARY"":0}",0.6666666666666666,23592960,130985,0.5,180,90,1166,0,0
PASS,2026090909,mid,synchronized_independent,1.0,"{""P1"":0,""P2"":0,""P3"":0}","{""P1"":0.0,""P2"":0.0,""P3"":0.0}","{""H_ALERT"":0,""H_FULL"":135,""H_NONE"":135,""H_SUMMARY"":0,""L_ALERT"":0,""L_NONE"":0,""L_SUMMARY"":0,""M_ALERT"":0,""M_NONE"":0,""M_SUMMARY"":0}",0.5,17694720,130985,0.0,135,0,1500,0,0
PASS,2026090909,mid,central_coordinated,1.0,"{""P1"":0,""P2"":0,""P3"":0}","{""P1"":0.0,""P2"":0.0,""P3"":0.0}","{""H_ALERT"":0,""H_FULL"":90,""H_NONE"":0,""H_SUMMARY"":180,""L_ALERT"":0,""L_NONE"":0,""L_SUMMARY"":0,""M_ALERT"":0,""M_NONE"":0,""M_SUMMARY"":0}",0.3333333333333333,14745600,130985,1.0,90,90,624,0,0
PASS,2026090909,mid,shielded_coordinated,1.0,"{""P1"":0,""P2"":0,""P3"":0}","{""P1"":0.0,""P2"":0.0,""P3"":0.0}","{""H_ALERT"":0,""H_FULL"":90,""H_NONE"":0,""H_SUMMARY"":180,""L_ALERT"":0,""L_NONE"":0,""L_SUMMARY"":0,""M_ALERT"":0,""M_NONE"":0,""M_SUMMARY"":0}",0.3333333333333333,14745600,130985,1.0,90,90,624,0,0
PASS,2026090909,high,desynchronized_independent,1.0,"{""P1"":530,""P2"":348,""P3"":834}","{""P1"":0.53,""P2"":0.348,""P3"":0.834}","{""H_ALERT"":0,""H_FULL"":270,""H_NONE"":0,""H_SUMMARY"":0,""L_ALERT"":0,""L_NONE"":0,""L_SUMMARY"":0,""M_ALERT"":0,""M_NONE"":0,""M_SUMMARY"":0}",1.0,35389440,64881,1.0,270,270,165,0,0
PASS,2026090909,high,synchronized_independent,1.0,"{""P1"":0,""P2"":0,""P3"":0}","{""P1"":0.0,""P2"":0.0,""P3"":0.0}","{""H_ALERT"":0,""H_FULL"":270,""H_NONE"":0,""H_SUMMARY"":0,""L_ALERT"":0,""L_NONE"":0,""L_SUMMARY"":0,""M_ALERT"":0,""M_NONE"":0,""M_SUMMARY"":0}",1.0,35389440,130941,1.0,270,270,999,0,0
PASS,2026090909,high,central_coordinated,1.0,"{""P1"":0,""P2"":0,""P3"":0}","{""P1"":0.0,""P2"":0.0,""P3"":0.0}","{""H_ALERT"":0,""H_FULL"":270,""H_NONE"":0,""H_SUMMARY"":0,""L_ALERT"":0,""L_NONE"":0,""L_SUMMARY"":0,""M_ALERT"":0,""M_NONE"":0,""M_SUMMARY"":0}",1.0,35389440,130941,1.0,270,270,999,0,0
PASS,2026090909,high,shielded_coordinated,1.0,"{""P1"":0,""P2"":0,""P3"":0}","{""P1"":0.0,""P2"":0.0,""P3"":0.0}","{""H_ALERT"":0,""H_FULL"":270,""H_NONE"":0,""H_SUMMARY"":0,""L_ALERT"":0,""L_NONE"":0,""L_SUMMARY"":0,""M_ALERT"":0,""M_NONE"":0,""M_SUMMARY"":0}",1.0,35389440,130941,1.0,270,270,999,0,0
PASS,2026090910,low,desynchronized_independent,1.0,"{""P1"":611,""P2"":131,""P3"":96}","{""P1"":0.611,""P2"":0.131,""P3"":0.096}","{""H_ALERT"":0,""H_FULL"":90,""H_NONE"":180,""H_SUMMARY"":0,""L_ALERT"":0,""L_NONE"":0,""L_SUMMARY"":0,""M_ALERT"":0,""M_NONE"":0,""M_SUMMARY"":0}",0.3333333333333333,11796480,131028,0.0,90,0,1389,0,0
PASS,2026090910,low,synchronized_independent,1.0,"{""P1"":0,""P2"":0,""P3"":0}","{""P1"":0.0,""P2"":0.0,""P3"":0.0}","{""H_ALERT"":0,""H_FULL"":66,""H_NONE"":138,""H_SUMMARY"":0,""L_ALERT"":0,""L_NONE"":0,""L_SUMMARY"":0,""M_ALERT"":0,""M_NONE"":0,""M_SUMMARY"":66}",0.24444444444444444,9191424,131029,0.0,66,0,1000,0,0
PASS,2026090910,low,central_coordinated,1.0,"{""P1"":0,""P2"":0,""P3"":0}","{""P1"":0.0,""P2"":0.0,""P3"":0.0}","{""H_ALERT"":0,""H_FULL"":0,""H_NONE"":0,""H_SUMMARY"":270,""L_ALERT"":0,""L_NONE"":0,""L_SUMMARY"":0,""M_ALERT"":0,""M_NONE"":0,""M_SUMMARY"":0}",0.0,4423680,16341,,0,0,374,0,0
PASS,2026090910,low,shielded_coordinated,1.0,"{""P1"":0,""P2"":0,""P3"":0}","{""P1"":0.0,""P2"":0.0,""P3"":0.0}","{""H_ALERT"":0,""H_FULL"":0,""H_NONE"":0,""H_SUMMARY"":270,""L_ALERT"":0,""L_NONE"":0,""L_SUMMARY"":0,""M_ALERT"":0,""M_NONE"":0,""M_SUMMARY"":0}",0.0,4423680,16341,,0,0,374,0,0
PASS,2026090910,mid,desynchronized_independent,1.0,"{""P1"":611,""P2"":131,""P3"":96}","{""P1"":0.611,""P2"":0.131,""P3"":0.096}","{""H_ALERT"":0,""H_FULL"":180,""H_NONE"":90,""H_SUMMARY"":0,""L_ALERT"":0,""L_NONE"":0,""L_SUMMARY"":0,""M_ALERT"":0,""M_NONE"":0,""M_SUMMARY"":0}",0.6666666666666666,23592960,130985,0.5055555555555555,180,91,888,0,0
PASS,2026090910,mid,synchronized_independent,1.0,"{""P1"":0,""P2"":0,""P3"":0}","{""P1"":0.0,""P2"":0.0,""P3"":0.0}","{""H_ALERT"":0,""H_FULL"":135,""H_NONE"":135,""H_SUMMARY"":0,""L_ALERT"":0,""L_NONE"":0,""L_SUMMARY"":0,""M_ALERT"":0,""M_NONE"":0,""M_SUMMARY"":0}",0.5,17694720,130985,0.0,135,0,1500,0,0
PASS,2026090910,mid,central_coordinated,1.0,"{""P1"":0,""P2"":0,""P3"":0}","{""P1"":0.0,""P2"":0.0,""P3"":0.0}","{""H_ALERT"":0,""H_FULL"":90,""H_NONE"":0,""H_SUMMARY"":180,""L_ALERT"":0,""L_NONE"":0,""L_SUMMARY"":0,""M_ALERT"":0,""M_NONE"":0,""M_SUMMARY"":0}",0.3333333333333333,14745600,130985,1.0,90,90,624,0,0
PASS,2026090910,mid,shielded_coordinated,1.0,"{""P1"":0,""P2"":0,""P3"":0}","{""P1"":0.0,""P2"":0.0,""P3"":0.0}","{""H_ALERT"":0,""H_FULL"":90,""H_NONE"":0,""H_SUMMARY"":180,""L_ALERT"":0,""L_NONE"":0,""L_SUMMARY"":0,""M_ALERT"":0,""M_NONE"":0,""M_SUMMARY"":0}",0.3333333333333333,14745600,130985,1.0,90,90,624,0,0
PASS,2026090910,high,desynchronized_independent,1.0,"{""P1"":611,""P2"":131,""P3"":96}","{""P1"":0.611,""P2"":0.131,""P3"":0.096}","{""H_ALERT"":0,""H_FULL"":270,""H_NONE"":0,""H_SUMMARY"":0,""L_ALERT"":0,""L_NONE"":0,""L_SUMMARY"":0,""M_ALERT"":0,""M_NONE"":0,""M_SUMMARY"":0}",1.0,35389440,130876,1.0,270,270,388,0,0
PASS,2026090910,high,synchronized_independent,1.0,"{""P1"":0,""P2"":0,""P3"":0}","{""P1"":0.0,""P2"":0.0,""P3"":0.0}","{""H_ALERT"":0,""H_FULL"":270,""H_NONE"":0,""H_SUMMARY"":0,""L_ALERT"":0,""L_NONE"":0,""L_SUMMARY"":0,""M_ALERT"":0,""M_NONE"":0,""M_SUMMARY"":0}",1.0,35389440,130941,1.0,270,270,999,0,0
PASS,2026090910,high,central_coordinated,1.0,"{""P1"":0,""P2"":0,""P3"":0}","{""P1"":0.0,""P2"":0.0,""P3"":0.0}","{""H_ALERT"":0,""H_FULL"":270,""H_NONE"":0,""H_SUMMARY"":0,""L_ALERT"":0,""L_NONE"":0,""L_SUMMARY"":0,""M_ALERT"":0,""M_NONE"":0,""M_SUMMARY"":0}",1.0,35389440,130941,1.0,270,270,999,0,0
PASS,2026090910,high,shielded_coordinated,1.0,"{""P1"":0,""P2"":0,""P3"":0}","{""P1"":0.0,""P2"":0.0,""P3"":0.0}","{""H_ALERT"":0,""H_FULL"":270,""H_NONE"":0,""H_SUMMARY"":0,""L_ALERT"":0,""L_NONE"":0,""L_SUMMARY"":0,""M_ALERT"":0,""M_NONE"":0,""M_SUMMARY"":0}",1.0,35389440,130941,1.0,270,270,999,0,0
PASS,2026090911,low,desynchronized_independent,1.0,"{""P1"":286,""P2"":697,""P3"":613}","{""P1"":0.286,""P2"":0.697,""P3"":0.613}","{""H_ALERT"":0,""H_FULL"":90,""H_NONE"":180,""H_SUMMARY"":0,""L_ALERT"":0,""L_NONE"":0,""L_SUMMARY"":0,""M_ALERT"":0,""M_NONE"":0,""M_SUMMARY"":0}",0.3333333333333333,11796480,131029,0.0,90,0,1303,0,0
PASS,2026090911,low,synchronized_independent,1.0,"{""P1"":0,""P2"":0,""P3"":0}","{""P1"":0.0,""P2"":0.0,""P3"":0.0}","{""H_ALERT"":0,""H_FULL"":66,""H_NONE"":138,""H_SUMMARY"":0,""L_ALERT"":0,""L_NONE"":0,""L_SUMMARY"":0,""M_ALERT"":0,""M_NONE"":0,""M_SUMMARY"":66}",0.24444444444444444,9191424,131029,0.0,66,0,1000,0,0
PASS,2026090911,low,central_coordinated,1.0,"{""P1"":0,""P2"":0,""P3"":0}","{""P1"":0.0,""P2"":0.0,""P3"":0.0}","{""H_ALERT"":0,""H_FULL"":0,""H_NONE"":0,""H_SUMMARY"":270,""L_ALERT"":0,""L_NONE"":0,""L_SUMMARY"":0,""M_ALERT"":0,""M_NONE"":0,""M_SUMMARY"":0}",0.0,4423680,16341,,0,0,374,0,0
PASS,2026090911,low,shielded_coordinated,1.0,"{""P1"":0,""P2"":0,""P3"":0}","{""P1"":0.0,""P2"":0.0,""P3"":0.0}","{""H_ALERT"":0,""H_FULL"":0,""H_NONE"":0,""H_SUMMARY"":270,""L_ALERT"":0,""L_NONE"":0,""L_SUMMARY"":0,""M_ALERT"":0,""M_NONE"":0,""M_SUMMARY"":0}",0.0,4423680,16341,,0,0,374,0,0
PASS,2026090911,mid,desynchronized_independent,1.0,"{""P1"":286,""P2"":697,""P3"":613}","{""P1"":0.286,""P2"":0.697,""P3"":0.613}","{""H_ALERT"":0,""H_FULL"":180,""H_NONE"":90,""H_SUMMARY"":0,""L_ALERT"":0,""L_NONE"":0,""L_SUMMARY"":0,""M_ALERT"":0,""M_NONE"":0,""M_SUMMARY"":0}",0.6666666666666666,23592960,130985,0.5055555555555555,180,91,802,0,0
PASS,2026090911,mid,synchronized_independent,1.0,"{""P1"":0,""P2"":0,""P3"":0}","{""P1"":0.0,""P2"":0.0,""P3"":0.0}","{""H_ALERT"":0,""H_FULL"":135,""H_NONE"":135,""H_SUMMARY"":0,""L_ALERT"":0,""L_NONE"":0,""L_SUMMARY"":0,""M_ALERT"":0,""M_NONE"":0,""M_SUMMARY"":0}",0.5,17694720,130985,0.0,135,0,1500,0,0
PASS,2026090911,mid,central_coordinated,1.0,"{""P1"":0,""P2"":0,""P3"":0}","{""P1"":0.0,""P2"":0.0,""P3"":0.0}","{""H_ALERT"":0,""H_FULL"":90,""H_NONE"":0,""H_SUMMARY"":180,""L_ALERT"":0,""L_NONE"":0,""L_SUMMARY"":0,""M_ALERT"":0,""M_NONE"":0,""M_SUMMARY"":0}",0.3333333333333333,14745600,130985,1.0,90,90,624,0,0
PASS,2026090911,mid,shielded_coordinated,1.0,"{""P1"":0,""P2"":0,""P3"":0}","{""P1"":0.0,""P2"":0.0,""P3"":0.0}","{""H_ALERT"":0,""H_FULL"":90,""H_NONE"":0,""H_SUMMARY"":180,""L_ALERT"":0,""L_NONE"":0,""L_SUMMARY"":0,""M_ALERT"":0,""M_NONE"":0,""M_SUMMARY"":0}",0.3333333333333333,14745600,130985,1.0,90,90,624,0,0
PASS,2026090911,high,desynchronized_independent,1.0,"{""P1"":286,""P2"":697,""P3"":613}","{""P1"":0.286,""P2"":0.697,""P3"":0.613}","{""H_ALERT"":0,""H_FULL"":270,""H_NONE"":0,""H_SUMMARY"":0,""L_ALERT"":0,""L_NONE"":0,""L_SUMMARY"":0,""M_ALERT"":0,""M_NONE"":0,""M_SUMMARY"":0}",1.0,35389440,118752,1.0,270,270,302,0,0
PASS,2026090911,high,synchronized_independent,1.0,"{""P1"":0,""P2"":0,""P3"":0}","{""P1"":0.0,""P2"":0.0,""P3"":0.0}","{""H_ALERT"":0,""H_FULL"":270,""H_NONE"":0,""H_SUMMARY"":0,""L_ALERT"":0,""L_NONE"":0,""L_SUMMARY"":0,""M_ALERT"":0,""M_NONE"":0,""M_SUMMARY"":0}",1.0,35389440,130941,1.0,270,270,999,0,0
PASS,2026090911,high,central_coordinated,1.0,"{""P1"":0,""P2"":0,""P3"":0}","{""P1"":0.0,""P2"":0.0,""P3"":0.0}","{""H_ALERT"":0,""H_FULL"":270,""H_NONE"":0,""H_SUMMARY"":0,""L_ALERT"":0,""L_NONE"":0,""L_SUMMARY"":0,""M_ALERT"":0,""M_NONE"":0,""M_SUMMARY"":0}",1.0,35389440,130941,1.0,270,270,999,0,0
PASS,2026090911,high,shielded_coordinated,1.0,"{""P1"":0,""P2"":0,""P3"":0}","{""P1"":0.0,""P2"":0.0,""P3"":0.0}","{""H_ALERT"":0,""H_FULL"":270,""H_NONE"":0,""H_SUMMARY"":0,""L_ALERT"":0,""L_NONE"":0,""L_SUMMARY"":0,""M_ALERT"":0,""M_NONE"":0,""M_SUMMARY"":0}",1.0,35389440,130941,1.0,270,270,999,0,0
PASS,2026090912,low,desynchronized_independent,1.0,"{""P1"":72,""P2"":898,""P3"":820}","{""P1"":0.072,""P2"":0.898,""P3"":0.82}","{""H_ALERT"":0,""H_FULL"":90,""H_NONE"":180,""H_SUMMARY"":0,""L_ALERT"":0,""L_NONE"":0,""L_SUMMARY"":0,""M_ALERT"":0,""M_NONE"":0,""M_SUMMARY"":0}",0.3333333333333333,11796480,131028,0.0,90,0,1102,0,0
PASS,2026090912,low,synchronized_independent,1.0,"{""P1"":0,""P2"":0,""P3"":0}","{""P1"":0.0,""P2"":0.0,""P3"":0.0}","{""H_ALERT"":0,""H_FULL"":66,""H_NONE"":138,""H_SUMMARY"":0,""L_ALERT"":0,""L_NONE"":0,""L_SUMMARY"":0,""M_ALERT"":0,""M_NONE"":0,""M_SUMMARY"":66}",0.24444444444444444,9191424,131029,0.0,66,0,1000,0,0
PASS,2026090912,low,central_coordinated,1.0,"{""P1"":0,""P2"":0,""P3"":0}","{""P1"":0.0,""P2"":0.0,""P3"":0.0}","{""H_ALERT"":0,""H_FULL"":0,""H_NONE"":0,""H_SUMMARY"":270,""L_ALERT"":0,""L_NONE"":0,""L_SUMMARY"":0,""M_ALERT"":0,""M_NONE"":0,""M_SUMMARY"":0}",0.0,4423680,16341,,0,0,374,0,0
PASS,2026090912,low,shielded_coordinated,1.0,"{""P1"":0,""P2"":0,""P3"":0}","{""P1"":0.0,""P2"":0.0,""P3"":0.0}","{""H_ALERT"":0,""H_FULL"":0,""H_NONE"":0,""H_SUMMARY"":270,""L_ALERT"":0,""L_NONE"":0,""L_SUMMARY"":0,""M_ALERT"":0,""M_NONE"":0,""M_SUMMARY"":0}",0.0,4423680,16341,,0,0,374,0,0
PASS,2026090912,mid,desynchronized_independent,1.0,"{""P1"":72,""P2"":898,""P3"":820}","{""P1"":0.072,""P2"":0.898,""P3"":0.82}","{""H_ALERT"":0,""H_FULL"":180,""H_NONE"":90,""H_SUMMARY"":0,""L_ALERT"":0,""L_NONE"":0,""L_SUMMARY"":0,""M_ALERT"":0,""M_NONE"":0,""M_SUMMARY"":0}",0.6666666666666666,23592960,130985,0.5055555555555555,180,91,602,0,0
PASS,2026090912,mid,synchronized_independent,1.0,"{""P1"":0,""P2"":0,""P3"":0}","{""P1"":0.0,""P2"":0.0,""P3"":0.0}","{""H_ALERT"":0,""H_FULL"":135,""H_NONE"":135,""H_SUMMARY"":0,""L_ALERT"":0,""L_NONE"":0,""L_SUMMARY"":0,""M_ALERT"":0,""M_NONE"":0,""M_SUMMARY"":0}",0.5,17694720,130985,0.0,135,0,1500,0,0
PASS,2026090912,mid,central_coordinated,1.0,"{""P1"":0,""P2"":0,""P3"":0}","{""P1"":0.0,""P2"":0.0,""P3"":0.0}","{""H_ALERT"":0,""H_FULL"":90,""H_NONE"":0,""H_SUMMARY"":180,""L_ALERT"":0,""L_NONE"":0,""L_SUMMARY"":0,""M_ALERT"":0,""M_NONE"":0,""M_SUMMARY"":0}",0.3333333333333333,14745600,130985,1.0,90,90,624,0,0
PASS,2026090912,mid,shielded_coordinated,1.0,"{""P1"":0,""P2"":0,""P3"":0}","{""P1"":0.0,""P2"":0.0,""P3"":0.0}","{""H_ALERT"":0,""H_FULL"":90,""H_NONE"":0,""H_SUMMARY"":180,""L_ALERT"":0,""L_NONE"":0,""L_SUMMARY"":0,""M_ALERT"":0,""M_NONE"":0,""M_SUMMARY"":0}",0.3333333333333333,14745600,130985,1.0,90,90,624,0,0
PASS,2026090912,high,desynchronized_independent,1.0,"{""P1"":72,""P2"":898,""P3"":820}","{""P1"":0.072,""P2"":0.898,""P3"":0.82}","{""H_ALERT"":0,""H_FULL"":270,""H_NONE"":0,""H_SUMMARY"":0,""L_ALERT"":0,""L_NONE"":0,""L_SUMMARY"":0,""M_ALERT"":0,""M_NONE"":0,""M_SUMMARY"":0}",1.0,35389440,102368,1.0,270,270,101,0,0
PASS,2026090912,high,synchronized_independent,1.0,"{""P1"":0,""P2"":0,""P3"":0}","{""P1"":0.0,""P2"":0.0,""P3"":0.0}","{""H_ALERT"":0,""H_FULL"":270,""H_NONE"":0,""H_SUMMARY"":0,""L_ALERT"":0,""L_NONE"":0,""L_SUMMARY"":0,""M_ALERT"":0,""M_NONE"":0,""M_SUMMARY"":0}",1.0,35389440,130941,1.0,270,270,999,0,0
PASS,2026090912,high,central_coordinated,1.0,"{""P1"":0,""P2"":0,""P3"":0}","{""P1"":0.0,""P2"":0.0,""P3"":0.0}","{""H_ALERT"":0,""H_FULL"":270,""H_NONE"":0,""H_SUMMARY"":0,""L_ALERT"":0,""L_NONE"":0,""L_SUMMARY"":0,""M_ALERT"":0,""M_NONE"":0,""M_SUMMARY"":0}",1.0,35389440,130941,1.0,270,270,999,0,0
PASS,2026090912,high,shielded_coordinated,1.0,"{""P1"":0,""P2"":0,""P3"":0}","{""P1"":0.0,""P2"":0.0,""P3"":0.0}","{""H_ALERT"":0,""H_FULL"":270,""H_NONE"":0,""H_SUMMARY"":0,""L_ALERT"":0,""L_NONE"":0,""L_SUMMARY"":0,""M_ALERT"":0,""M_NONE"":0,""M_SUMMARY"":0}",1.0,35389440,130941,1.0,270,270,999,0,0
PASS,2026090913,low,desynchronized_independent,1.0,"{""P1"":31,""P2"":997,""P3"":848}","{""P1"":0.031,""P2"":0.997,""P3"":0.848}","{""H_ALERT"":0,""H_FULL"":90,""H_NONE"":180,""H_SUMMARY"":0,""L_ALERT"":0,""L_NONE"":0,""L_SUMMARY"":0,""M_ALERT"":0,""M_NONE"":0,""M_SUMMARY"":0}",0.3333333333333333,11796480,131028,0.0,90,0,1003,0,0
PASS,2026090913,low,synchronized_independent,1.0,"{""P1"":0,""P2"":0,""P3"":0}","{""P1"":0.0,""P2"":0.0,""P3"":0.0}","{""H_ALERT"":0,""H_FULL"":66,""H_NONE"":138,""H_SUMMARY"":0,""L_ALERT"":0,""L_NONE"":0,""L_SUMMARY"":0,""M_ALERT"":0,""M_NONE"":0,""M_SUMMARY"":66}",0.24444444444444444,9191424,131029,0.0,66,0,1000,0,0
PASS,2026090913,low,central_coordinated,1.0,"{""P1"":0,""P2"":0,""P3"":0}","{""P1"":0.0,""P2"":0.0,""P3"":0.0}","{""H_ALERT"":0,""H_FULL"":0,""H_NONE"":0,""H_SUMMARY"":270,""L_ALERT"":0,""L_NONE"":0,""L_SUMMARY"":0,""M_ALERT"":0,""M_NONE"":0,""M_SUMMARY"":0}",0.0,4423680,16341,,0,0,374,0,0
PASS,2026090913,low,shielded_coordinated,1.0,"{""P1"":0,""P2"":0,""P3"":0}","{""P1"":0.0,""P2"":0.0,""P3"":0.0}","{""H_ALERT"":0,""H_FULL"":0,""H_NONE"":0,""H_SUMMARY"":270,""L_ALERT"":0,""L_NONE"":0,""L_SUMMARY"":0,""M_ALERT"":0,""M_NONE"":0,""M_SUMMARY"":0}",0.0,4423680,16341,,0,0,374,0,0
PASS,2026090913,mid,desynchronized_independent,1.0,"{""P1"":31,""P2"":997,""P3"":848}","{""P1"":0.031,""P2"":0.997,""P3"":0.848}","{""H_ALERT"":0,""H_FULL"":180,""H_NONE"":90,""H_SUMMARY"":0,""L_ALERT"":0,""L_NONE"":0,""L_SUMMARY"":0,""M_ALERT"":0,""M_NONE"":0,""M_SUMMARY"":0}",0.6666666666666666,23592960,130985,0.5055555555555555,180,91,503,0,0
PASS,2026090913,mid,synchronized_independent,1.0,"{""P1"":0,""P2"":0,""P3"":0}","{""P1"":0.0,""P2"":0.0,""P3"":0.0}","{""H_ALERT"":0,""H_FULL"":135,""H_NONE"":135,""H_SUMMARY"":0,""L_ALERT"":0,""L_NONE"":0,""L_SUMMARY"":0,""M_ALERT"":0,""M_NONE"":0,""M_SUMMARY"":0}",0.5,17694720,130985,0.0,135,0,1500,0,0
PASS,2026090913,mid,central_coordinated,1.0,"{""P1"":0,""P2"":0,""P3"":0}","{""P1"":0.0,""P2"":0.0,""P3"":0.0}","{""H_ALERT"":0,""H_FULL"":90,""H_NONE"":0,""H_SUMMARY"":180,""L_ALERT"":0,""L_NONE"":0,""L_SUMMARY"":0,""M_ALERT"":0,""M_NONE"":0,""M_SUMMARY"":0}",0.3333333333333333,14745600,130985,1.0,90,90,624,0,0
PASS,2026090913,mid,shielded_coordinated,1.0,"{""P1"":0,""P2"":0,""P3"":0}","{""P1"":0.0,""P2"":0.0,""P3"":0.0}","{""H_ALERT"":0,""H_FULL"":90,""H_NONE"":0,""H_SUMMARY"":180,""L_ALERT"":0,""L_NONE"":0,""L_SUMMARY"":0,""M_ALERT"":0,""M_NONE"":0,""M_SUMMARY"":0}",0.3333333333333333,14745600,130985,1.0,90,90,624,0,0
PASS,2026090913,high,desynchronized_independent,1.0,"{""P1"":31,""P2"":997,""P3"":848}","{""P1"":0.031,""P2"":0.997,""P3"":0.848}","{""H_ALERT"":0,""H_FULL"":270,""H_NONE"":0,""H_SUMMARY"":0,""L_ALERT"":0,""L_NONE"":0,""L_SUMMARY"":0,""M_ALERT"":0,""M_NONE"":0,""M_SUMMARY"":0}",1.0,35389440,118490,1.0,270,270,2,0,0
PASS,2026090913,high,synchronized_independent,1.0,"{""P1"":0,""P2"":0,""P3"":0}","{""P1"":0.0,""P2"":0.0,""P3"":0.0}","{""H_ALERT"":0,""H_FULL"":270,""H_NONE"":0,""H_SUMMARY"":0,""L_ALERT"":0,""L_NONE"":0,""L_SUMMARY"":0,""M_ALERT"":0,""M_NONE"":0,""M_SUMMARY"":0}",1.0,35389440,130941,1.0,270,270,999,0,0
PASS,2026090913,high,central_coordinated,1.0,"{""P1"":0,""P2"":0,""P3"":0}","{""P1"":0.0,""P2"":0.0,""P3"":0.0}","{""H_ALERT"":0,""H_FULL"":270,""H_NONE"":0,""H_SUMMARY"":0,""L_ALERT"":0,""L_NONE"":0,""L_SUMMARY"":0,""M_ALERT"":0,""M_NONE"":0,""M_SUMMARY"":0}",1.0,35389440,130941,1.0,270,270,999,0,0
PASS,2026090913,high,shielded_coordinated,1.0,"{""P1"":0,""P2"":0,""P3"":0}","{""P1"":0.0,""P2"":0.0,""P3"":0.0}","{""H_ALERT"":0,""H_FULL"":270,""H_NONE"":0,""H_SUMMARY"":0,""L_ALERT"":0,""L_NONE"":0,""L_SUMMARY"":0,""M_ALERT"":0,""M_NONE"":0,""M_SUMMARY"":0}",1.0,35389440,130941,1.0,270,270,999,0,0
PASS,2026090914,low,desynchronized_independent,1.0,"{""P1"":379,""P2"":396,""P3"":678}","{""P1"":0.379,""P2"":0.396,""P3"":0.678}","{""H_ALERT"":0,""H_FULL"":90,""H_NONE"":180,""H_SUMMARY"":0,""L_ALERT"":0,""L_NONE"":0,""L_SUMMARY"":0,""M_ALERT"":0,""M_NONE"":0,""M_SUMMARY"":0}",0.3333333333333333,11796480,131029,0.0,90,0,1322,0,0
PASS,2026090914,low,synchronized_independent,1.0,"{""P1"":0,""P2"":0,""P3"":0}","{""P1"":0.0,""P2"":0.0,""P3"":0.0}","{""H_ALERT"":0,""H_FULL"":66,""H_NONE"":138,""H_SUMMARY"":0,""L_ALERT"":0,""L_NONE"":0,""L_SUMMARY"":0,""M_ALERT"":0,""M_NONE"":0,""M_SUMMARY"":66}",0.24444444444444444,9191424,131029,0.0,66,0,1000,0,0
PASS,2026090914,low,central_coordinated,1.0,"{""P1"":0,""P2"":0,""P3"":0}","{""P1"":0.0,""P2"":0.0,""P3"":0.0}","{""H_ALERT"":0,""H_FULL"":0,""H_NONE"":0,""H_SUMMARY"":270,""L_ALERT"":0,""L_NONE"":0,""L_SUMMARY"":0,""M_ALERT"":0,""M_NONE"":0,""M_SUMMARY"":0}",0.0,4423680,16341,,0,0,374,0,0
PASS,2026090914,low,shielded_coordinated,1.0,"{""P1"":0,""P2"":0,""P3"":0}","{""P1"":0.0,""P2"":0.0,""P3"":0.0}","{""H_ALERT"":0,""H_FULL"":0,""H_NONE"":0,""H_SUMMARY"":270,""L_ALERT"":0,""L_NONE"":0,""L_SUMMARY"":0,""M_ALERT"":0,""M_NONE"":0,""M_SUMMARY"":0}",0.0,4423680,16341,,0,0,374,0,0
PASS,2026090914,mid,desynchronized_independent,1.0,"{""P1"":379,""P2"":396,""P3"":678}","{""P1"":0.379,""P2"":0.396,""P3"":0.678}","{""H_ALERT"":0,""H_FULL"":180,""H_NONE"":90,""H_SUMMARY"":0,""L_ALERT"":0,""L_NONE"":0,""L_SUMMARY"":0,""M_ALERT"":0,""M_NONE"":0,""M_SUMMARY"":0}",0.6666666666666666,23592960,130985,0.5,180,90,822,0,0
PASS,2026090914,mid,synchronized_independent,1.0,"{""P1"":0,""P2"":0,""P3"":0}","{""P1"":0.0,""P2"":0.0,""P3"":0.0}","{""H_ALERT"":0,""H_FULL"":135,""H_NONE"":135,""H_SUMMARY"":0,""L_ALERT"":0,""L_NONE"":0,""L_SUMMARY"":0,""M_ALERT"":0,""M_NONE"":0,""M_SUMMARY"":0}",0.5,17694720,130985,0.0,135,0,1500,0,0
PASS,2026090914,mid,central_coordinated,1.0,"{""P1"":0,""P2"":0,""P3"":0}","{""P1"":0.0,""P2"":0.0,""P3"":0.0}","{""H_ALERT"":0,""H_FULL"":90,""H_NONE"":0,""H_SUMMARY"":180,""L_ALERT"":0,""L_NONE"":0,""L_SUMMARY"":0,""M_ALERT"":0,""M_NONE"":0,""M_SUMMARY"":0}",0.3333333333333333,14745600,130985,1.0,90,90,624,0,0
PASS,2026090914,mid,shielded_coordinated,1.0,"{""P1"":0,""P2"":0,""P3"":0}","{""P1"":0.0,""P2"":0.0,""P3"":0.0}","{""H_ALERT"":0,""H_FULL"":90,""H_NONE"":0,""H_SUMMARY"":180,""L_ALERT"":0,""L_NONE"":0,""L_SUMMARY"":0,""M_ALERT"":0,""M_NONE"":0,""M_SUMMARY"":0}",0.3333333333333333,14745600,130985,1.0,90,90,624,0,0
PASS,2026090914,high,desynchronized_independent,1.0,"{""P1"":379,""P2"":396,""P3"":678}","{""P1"":0.379,""P2"":0.396,""P3"":0.678}","{""H_ALERT"":0,""H_FULL"":270,""H_NONE"":0,""H_SUMMARY"":0,""L_ALERT"":0,""L_NONE"":0,""L_SUMMARY"":0,""M_ALERT"":0,""M_NONE"":0,""M_SUMMARY"":0}",1.0,35389440,126223,1.0,270,270,321,0,0
PASS,2026090914,high,synchronized_independent,1.0,"{""P1"":0,""P2"":0,""P3"":0}","{""P1"":0.0,""P2"":0.0,""P3"":0.0}","{""H_ALERT"":0,""H_FULL"":270,""H_NONE"":0,""H_SUMMARY"":0,""L_ALERT"":0,""L_NONE"":0,""L_SUMMARY"":0,""M_ALERT"":0,""M_NONE"":0,""M_SUMMARY"":0}",1.0,35389440,130941,1.0,270,270,999,0,0
PASS,2026090914,high,central_coordinated,1.0,"{""P1"":0,""P2"":0,""P3"":0}","{""P1"":0.0,""P2"":0.0,""P3"":0.0}","{""H_ALERT"":0,""H_FULL"":270,""H_NONE"":0,""H_SUMMARY"":0,""L_ALERT"":0,""L_NONE"":0,""L_SUMMARY"":0,""M_ALERT"":0,""M_NONE"":0,""M_SUMMARY"":0}",1.0,35389440,130941,1.0,270,270,999,0,0
PASS,2026090914,high,shielded_coordinated,1.0,"{""P1"":0,""P2"":0,""P3"":0}","{""P1"":0.0,""P2"":0.0,""P3"":0.0}","{""H_ALERT"":0,""H_FULL"":270,""H_NONE"":0,""H_SUMMARY"":0,""L_ALERT"":0,""L_NONE"":0,""L_SUMMARY"":0,""M_ALERT"":0,""M_NONE"":0,""M_SUMMARY"":0}",1.0,35389440,130941,1.0,270,270,999,0,0
PASS,2026090915,low,desynchronized_independent,1.0,"{""P1"":212,""P2"":604,""P3"":213}","{""P1"":0.212,""P2"":0.604,""P3"":0.213}","{""H_ALERT"":0,""H_FULL"":90,""H_NONE"":180,""H_SUMMARY"":0,""L_ALERT"":0,""L_NONE"":0,""L_SUMMARY"":0,""M_ALERT"":0,""M_NONE"":0,""M_SUMMARY"":0}",0.3333333333333333,11796480,131028,0.0,90,0,1396,0,0
PASS,2026090915,low,synchronized_independent,1.0,"{""P1"":0,""P2"":0,""P3"":0}","{""P1"":0.0,""P2"":0.0,""P3"":0.0}","{""H_ALERT"":0,""H_FULL"":66,""H_NONE"":138,""H_SUMMARY"":0,""L_ALERT"":0,""L_NONE"":0,""L_SUMMARY"":0,""M_ALERT"":0,""M_NONE"":0,""M_SUMMARY"":66}",0.24444444444444444,9191424,131029,0.0,66,0,1000,0,0
PASS,2026090915,low,central_coordinated,1.0,"{""P1"":0,""P2"":0,""P3"":0}","{""P1"":0.0,""P2"":0.0,""P3"":0.0}","{""H_ALERT"":0,""H_FULL"":0,""H_NONE"":0,""H_SUMMARY"":270,""L_ALERT"":0,""L_NONE"":0,""L_SUMMARY"":0,""M_ALERT"":0,""M_NONE"":0,""M_SUMMARY"":0}",0.0,4423680,16341,,0,0,374,0,0
PASS,2026090915,low,shielded_coordinated,1.0,"{""P1"":0,""P2"":0,""P3"":0}","{""P1"":0.0,""P2"":0.0,""P3"":0.0}","{""H_ALERT"":0,""H_FULL"":0,""H_NONE"":0,""H_SUMMARY"":270,""L_ALERT"":0,""L_NONE"":0,""L_SUMMARY"":0,""M_ALERT"":0,""M_NONE"":0,""M_SUMMARY"":0}",0.0,4423680,16341,,0,0,374,0,0
PASS,2026090915,mid,desynchronized_independent,1.0,"{""P1"":212,""P2"":604,""P3"":213}","{""P1"":0.212,""P2"":0.604,""P3"":0.213}","{""H_ALERT"":0,""H_FULL"":180,""H_NONE"":90,""H_SUMMARY"":0,""L_ALERT"":0,""L_NONE"":0,""L_SUMMARY"":0,""M_ALERT"":0,""M_NONE"":0,""M_SUMMARY"":0}",0.6666666666666666,23592960,130985,0.5055555555555555,180,91,896,0,0
PASS,2026090915,mid,synchronized_independent,1.0,"{""P1"":0,""P2"":0,""P3"":0}","{""P1"":0.0,""P2"":0.0,""P3"":0.0}","{""H_ALERT"":0,""H_FULL"":135,""H_NONE"":135,""H_SUMMARY"":0,""L_ALERT"":0,""L_NONE"":0,""L_SUMMARY"":0,""M_ALERT"":0,""M_NONE"":0,""M_SUMMARY"":0}",0.5,17694720,130985,0.0,135,0,1500,0,0
PASS,2026090915,mid,central_coordinated,1.0,"{""P1"":0,""P2"":0,""P3"":0}","{""P1"":0.0,""P2"":0.0,""P3"":0.0}","{""H_ALERT"":0,""H_FULL"":90,""H_NONE"":0,""H_SUMMARY"":180,""L_ALERT"":0,""L_NONE"":0,""L_SUMMARY"":0,""M_ALERT"":0,""M_NONE"":0,""M_SUMMARY"":0}",0.3333333333333333,14745600,130985,1.0,90,90,624,0,0
PASS,2026090915,mid,shielded_coordinated,1.0,"{""P1"":0,""P2"":0,""P3"":0}","{""P1"":0.0,""P2"":0.0,""P3"":0.0}","{""H_ALERT"":0,""H_FULL"":90,""H_NONE"":0,""H_SUMMARY"":180,""L_ALERT"":0,""L_NONE"":0,""L_SUMMARY"":0,""M_ALERT"":0,""M_NONE"":0,""M_SUMMARY"":0}",0.3333333333333333,14745600,130985,1.0,90,90,624,0,0
PASS,2026090915,high,desynchronized_independent,1.0,"{""P1"":212,""P2"":604,""P3"":213}","{""P1"":0.212,""P2"":0.604,""P3"":0.213}","{""H_ALERT"":0,""H_FULL"":270,""H_NONE"":0,""H_SUMMARY"":0,""L_ALERT"":0,""L_NONE"":0,""L_SUMMARY"":0,""M_ALERT"":0,""M_NONE"":0,""M_SUMMARY"":0}",1.0,35389440,130876,1.0,270,270,395,0,0
PASS,2026090915,high,synchronized_independent,1.0,"{""P1"":0,""P2"":0,""P3"":0}","{""P1"":0.0,""P2"":0.0,""P3"":0.0}","{""H_ALERT"":0,""H_FULL"":270,""H_NONE"":0,""H_SUMMARY"":0,""L_ALERT"":0,""L_NONE"":0,""L_SUMMARY"":0,""M_ALERT"":0,""M_NONE"":0,""M_SUMMARY"":0}",1.0,35389440,130941,1.0,270,270,999,0,0
PASS,2026090915,high,central_coordinated,1.0,"{""P1"":0,""P2"":0,""P3"":0}","{""P1"":0.0,""P2"":0.0,""P3"":0.0}","{""H_ALERT"":0,""H_FULL"":270,""H_NONE"":0,""H_SUMMARY"":0,""L_ALERT"":0,""L_NONE"":0,""L_SUMMARY"":0,""M_ALERT"":0,""M_NONE"":0,""M_SUMMARY"":0}",1.0,35389440,130941,1.0,270,270,999,0,0
PASS,2026090915,high,shielded_coordinated,1.0,"{""P1"":0,""P2"":0,""P3"":0}","{""P1"":0.0,""P2"":0.0,""P3"":0.0}","{""H_ALERT"":0,""H_FULL"":270,""H_NONE"":0,""H_SUMMARY"":0,""L_ALERT"":0,""L_NONE"":0,""L_SUMMARY"":0,""M_ALERT"":0,""M_NONE"":0,""M_SUMMARY"":0}",1.0,35389440,130941,1.0,270,270,999,0,0
PASS,2026090916,low,desynchronized_independent,1.0,"{""P1"":586,""P2"":124,""P3"":90}","{""P1"":0.586,""P2"":0.124,""P3"":0.09}","{""H_ALERT"":0,""H_FULL"":90,""H_NONE"":180,""H_SUMMARY"":0,""L_ALERT"":0,""L_NONE"":0,""L_SUMMARY"":0,""M_ALERT"":0,""M_NONE"":0,""M_SUMMARY"":0}",0.3333333333333333,11796480,131029,0.0,90,0,1414,0,0
PASS,2026090916,low,synchronized_independent,1.0,"{""P1"":0,""P2"":0,""P3"":0}","{""P1"":0.0,""P2"":0.0,""P3"":0.0}","{""H_ALERT"":0,""H_FULL"":66,""H_NONE"":138,""H_SUMMARY"":0,""L_ALERT"":0,""L_NONE"":0,""L_SUMMARY"":0,""M_ALERT"":0,""M_NONE"":0,""M_SUMMARY"":66}",0.24444444444444444,9191424,131029,0.0,66,0,1000,0,0
PASS,2026090916,low,central_coordinated,1.0,"{""P1"":0,""P2"":0,""P3"":0}","{""P1"":0.0,""P2"":0.0,""P3"":0.0}","{""H_ALERT"":0,""H_FULL"":0,""H_NONE"":0,""H_SUMMARY"":270,""L_ALERT"":0,""L_NONE"":0,""L_SUMMARY"":0,""M_ALERT"":0,""M_NONE"":0,""M_SUMMARY"":0}",0.0,4423680,16341,,0,0,374,0,0
PASS,2026090916,low,shielded_coordinated,1.0,"{""P1"":0,""P2"":0,""P3"":0}","{""P1"":0.0,""P2"":0.0,""P3"":0.0}","{""H_ALERT"":0,""H_FULL"":0,""H_NONE"":0,""H_SUMMARY"":270,""L_ALERT"":0,""L_NONE"":0,""L_SUMMARY"":0,""M_ALERT"":0,""M_NONE"":0,""M_SUMMARY"":0}",0.0,4423680,16341,,0,0,374,0,0
PASS,2026090916,mid,desynchronized_independent,1.0,"{""P1"":586,""P2"":124,""P3"":90}","{""P1"":0.586,""P2"":0.124,""P3"":0.09}","{""H_ALERT"":0,""H_FULL"":180,""H_NONE"":90,""H_SUMMARY"":0,""L_ALERT"":0,""L_NONE"":0,""L_SUMMARY"":0,""M_ALERT"":0,""M_NONE"":0,""M_SUMMARY"":0}",0.6666666666666666,23592960,130985,0.5055555555555555,180,91,914,0,0
PASS,2026090916,mid,synchronized_independent,1.0,"{""P1"":0,""P2"":0,""P3"":0}","{""P1"":0.0,""P2"":0.0,""P3"":0.0}","{""H_ALERT"":0,""H_FULL"":135,""H_NONE"":135,""H_SUMMARY"":0,""L_ALERT"":0,""L_NONE"":0,""L_SUMMARY"":0,""M_ALERT"":0,""M_NONE"":0,""M_SUMMARY"":0}",0.5,17694720,130985,0.0,135,0,1500,0,0
PASS,2026090916,mid,central_coordinated,1.0,"{""P1"":0,""P2"":0,""P3"":0}","{""P1"":0.0,""P2"":0.0,""P3"":0.0}","{""H_ALERT"":0,""H_FULL"":90,""H_NONE"":0,""H_SUMMARY"":180,""L_ALERT"":0,""L_NONE"":0,""L_SUMMARY"":0,""M_ALERT"":0,""M_NONE"":0,""M_SUMMARY"":0}",0.3333333333333333,14745600,130985,1.0,90,90,624,0,0
PASS,2026090916,mid,shielded_coordinated,1.0,"{""P1"":0,""P2"":0,""P3"":0}","{""P1"":0.0,""P2"":0.0,""P3"":0.0}","{""H_ALERT"":0,""H_FULL"":90,""H_NONE"":0,""H_SUMMARY"":180,""L_ALERT"":0,""L_NONE"":0,""L_SUMMARY"":0,""M_ALERT"":0,""M_NONE"":0,""M_SUMMARY"":0}",0.3333333333333333,14745600,130985,1.0,90,90,624,0,0
PASS,2026090916,high,desynchronized_independent,1.0,"{""P1"":586,""P2"":124,""P3"":90}","{""P1"":0.586,""P2"":0.124,""P3"":0.09}","{""H_ALERT"":0,""H_FULL"":270,""H_NONE"":0,""H_SUMMARY"":0,""L_ALERT"":0,""L_NONE"":0,""L_SUMMARY"":0,""M_ALERT"":0,""M_NONE"":0,""M_SUMMARY"":0}",1.0,35389440,130876,1.0,270,270,413,0,0
PASS,2026090916,high,synchronized_independent,1.0,"{""P1"":0,""P2"":0,""P3"":0}","{""P1"":0.0,""P2"":0.0,""P3"":0.0}","{""H_ALERT"":0,""H_FULL"":270,""H_NONE"":0,""H_SUMMARY"":0,""L_ALERT"":0,""L_NONE"":0,""L_SUMMARY"":0,""M_ALERT"":0,""M_NONE"":0,""M_SUMMARY"":0}",1.0,35389440,130941,1.0,270,270,999,0,0
PASS,2026090916,high,central_coordinated,1.0,"{""P1"":0,""P2"":0,""P3"":0}","{""P1"":0.0,""P2"":0.0,""P3"":0.0}","{""H_ALERT"":0,""H_FULL"":270,""H_NONE"":0,""H_SUMMARY"":0,""L_ALERT"":0,""L_NONE"":0,""L_SUMMARY"":0,""M_ALERT"":0,""M_NONE"":0,""M_SUMMARY"":0}",1.0,35389440,130941,1.0,270,270,999,0,0
PASS,2026090916,high,shielded_coordinated,1.0,"{""P1"":0,""P2"":0,""P3"":0}","{""P1"":0.0,""P2"":0.0,""P3"":0.0}","{""H_ALERT"":0,""H_FULL"":270,""H_NONE"":0,""H_SUMMARY"":0,""L_ALERT"":0,""L_NONE"":0,""L_SUMMARY"":0,""M_ALERT"":0,""M_NONE"":0,""M_SUMMARY"":0}",1.0,35389440,130941,1.0,270,270,999,0,0
PASS,2026090917,low,desynchronized_independent,1.0,"{""P1"":13,""P2"":5,""P3"":654}","{""P1"":0.013,""P2"":0.005,""P3"":0.654}","{""H_ALERT"":0,""H_FULL"":90,""H_NONE"":180,""H_SUMMARY"":0,""L_ALERT"":0,""L_NONE"":0,""L_SUMMARY"":0,""M_ALERT"":0,""M_NONE"":0,""M_SUMMARY"":0}",0.3333333333333333,11796480,131029,0.0,90,0,1346,0,0
PASS,2026090917,low,synchronized_independent,1.0,"{""P1"":0,""P2"":0,""P3"":0}","{""P1"":0.0,""P2"":0.0,""P3"":0.0}","{""H_ALERT"":0,""H_FULL"":66,""H_NONE"":138,""H_SUMMARY"":0,""L_ALERT"":0,""L_NONE"":0,""L_SUMMARY"":0,""M_ALERT"":0,""M_NONE"":0,""M_SUMMARY"":66}",0.24444444444444444,9191424,131029,0.0,66,0,1000,0,0
PASS,2026090917,low,central_coordinated,1.0,"{""P1"":0,""P2"":0,""P3"":0}","{""P1"":0.0,""P2"":0.0,""P3"":0.0}","{""H_ALERT"":0,""H_FULL"":0,""H_NONE"":0,""H_SUMMARY"":270,""L_ALERT"":0,""L_NONE"":0,""L_SUMMARY"":0,""M_ALERT"":0,""M_NONE"":0,""M_SUMMARY"":0}",0.0,4423680,16341,,0,0,374,0,0
PASS,2026090917,low,shielded_coordinated,1.0,"{""P1"":0,""P2"":0,""P3"":0}","{""P1"":0.0,""P2"":0.0,""P3"":0.0}","{""H_ALERT"":0,""H_FULL"":0,""H_NONE"":0,""H_SUMMARY"":270,""L_ALERT"":0,""L_NONE"":0,""L_SUMMARY"":0,""M_ALERT"":0,""M_NONE"":0,""M_SUMMARY"":0}",0.0,4423680,16341,,0,0,374,0,0
PASS,2026090917,mid,desynchronized_independent,1.0,"{""P1"":13,""P2"":5,""P3"":654}","{""P1"":0.013,""P2"":0.005,""P3"":0.654}","{""H_ALERT"":0,""H_FULL"":180,""H_NONE"":90,""H_SUMMARY"":0,""L_ALERT"":0,""L_NONE"":0,""L_SUMMARY"":0,""M_ALERT"":0,""M_NONE"":0,""M_SUMMARY"":0}",0.6666666666666666,23592960,130985,0.5,180,90,846,0,0
PASS,2026090917,mid,synchronized_independent,1.0,"{""P1"":0,""P2"":0,""P3"":0}","{""P1"":0.0,""P2"":0.0,""P3"":0.0}","{""H_ALERT"":0,""H_FULL"":135,""H_NONE"":135,""H_SUMMARY"":0,""L_ALERT"":0,""L_NONE"":0,""L_SUMMARY"":0,""M_ALERT"":0,""M_NONE"":0,""M_SUMMARY"":0}",0.5,17694720,130985,0.0,135,0,1500,0,0
PASS,2026090917,mid,central_coordinated,1.0,"{""P1"":0,""P2"":0,""P3"":0}","{""P1"":0.0,""P2"":0.0,""P3"":0.0}","{""H_ALERT"":0,""H_FULL"":90,""H_NONE"":0,""H_SUMMARY"":180,""L_ALERT"":0,""L_NONE"":0,""L_SUMMARY"":0,""M_ALERT"":0,""M_NONE"":0,""M_SUMMARY"":0}",0.3333333333333333,14745600,130985,1.0,90,90,624,0,0
PASS,2026090917,mid,shielded_coordinated,1.0,"{""P1"":0,""P2"":0,""P3"":0}","{""P1"":0.0,""P2"":0.0,""P3"":0.0}","{""H_ALERT"":0,""H_FULL"":90,""H_NONE"":0,""H_SUMMARY"":180,""L_ALERT"":0,""L_NONE"":0,""L_SUMMARY"":0,""M_ALERT"":0,""M_NONE"":0,""M_SUMMARY"":0}",0.3333333333333333,14745600,130985,1.0,90,90,624,0,0
PASS,2026090917,high,desynchronized_independent,1.0,"{""P1"":13,""P2"":5,""P3"":654}","{""P1"":0.013,""P2"":0.005,""P3"":0.654}","{""H_ALERT"":0,""H_FULL"":270,""H_NONE"":0,""H_SUMMARY"":0,""L_ALERT"":0,""L_NONE"":0,""L_SUMMARY"":0,""M_ALERT"":0,""M_NONE"":0,""M_SUMMARY"":0}",1.0,35389440,130876,1.0,270,270,345,0,0
PASS,2026090917,high,synchronized_independent,1.0,"{""P1"":0,""P2"":0,""P3"":0}","{""P1"":0.0,""P2"":0.0,""P3"":0.0}","{""H_ALERT"":0,""H_FULL"":270,""H_NONE"":0,""H_SUMMARY"":0,""L_ALERT"":0,""L_NONE"":0,""L_SUMMARY"":0,""M_ALERT"":0,""M_NONE"":0,""M_SUMMARY"":0}",1.0,35389440,130941,1.0,270,270,999,0,0
PASS,2026090917,high,central_coordinated,1.0,"{""P1"":0,""P2"":0,""P3"":0}","{""P1"":0.0,""P2"":0.0,""P3"":0.0}","{""H_ALERT"":0,""H_FULL"":270,""H_NONE"":0,""H_SUMMARY"":0,""L_ALERT"":0,""L_NONE"":0,""L_SUMMARY"":0,""M_ALERT"":0,""M_NONE"":0,""M_SUMMARY"":0}",1.0,35389440,130941,1.0,270,270,999,0,0
PASS,2026090917,high,shielded_coordinated,1.0,"{""P1"":0,""P2"":0,""P3"":0}","{""P1"":0.0,""P2"":0.0,""P3"":0.0}","{""H_ALERT"":0,""H_FULL"":270,""H_NONE"":0,""H_SUMMARY"":0,""L_ALERT"":0,""L_NONE"":0,""L_SUMMARY"":0,""M_ALERT"":0,""M_NONE"":0,""M_SUMMARY"":0}",1.0,35389440,130941,1.0,270,270,999,0,0
PASS,2026090918,low,desynchronized_independent,1.0,"{""P1"":303,""P2"":966,""P3"":432}","{""P1"":0.303,""P2"":0.966,""P3"":0.432}","{""H_ALERT"":0,""H_FULL"":90,""H_NONE"":180,""H_SUMMARY"":0,""L_ALERT"":0,""L_NONE"":0,""L_SUMMARY"":0,""M_ALERT"":0,""M_NONE"":0,""M_SUMMARY"":0}",0.3333333333333333,11796480,131029,0.0,90,0,1034,0,0
PASS,2026090918,low,synchronized_independent,1.0,"{""P1"":0,""P2"":0,""P3"":0}","{""P1"":0.0,""P2"":0.0,""P3"":0.0}","{""H_ALERT"":0,""H_FULL"":66,""H_NONE"":138,""H_SUMMARY"":0,""L_ALERT"":0,""L_NONE"":0,""L_SUMMARY"":0,""M_ALERT"":0,""M_NONE"":0,""M_SUMMARY"":66}",0.24444444444444444,9191424,131029,0.0,66,0,1000,0,0
PASS,2026090918,low,central_coordinated,1.0,"{""P1"":0,""P2"":0,""P3"":0}","{""P1"":0.0,""P2"":0.0,""P3"":0.0}","{""H_ALERT"":0,""H_FULL"":0,""H_NONE"":0,""H_SUMMARY"":270,""L_ALERT"":0,""L_NONE"":0,""L_SUMMARY"":0,""M_ALERT"":0,""M_NONE"":0,""M_SUMMARY"":0}",0.0,4423680,16341,,0,0,374,0,0
PASS,2026090918,low,shielded_coordinated,1.0,"{""P1"":0,""P2"":0,""P3"":0}","{""P1"":0.0,""P2"":0.0,""P3"":0.0}","{""H_ALERT"":0,""H_FULL"":0,""H_NONE"":0,""H_SUMMARY"":270,""L_ALERT"":0,""L_NONE"":0,""L_SUMMARY"":0,""M_ALERT"":0,""M_NONE"":0,""M_SUMMARY"":0}",0.0,4423680,16341,,0,0,374,0,0
PASS,2026090918,mid,desynchronized_independent,1.0,"{""P1"":303,""P2"":966,""P3"":432}","{""P1"":0.303,""P2"":0.966,""P3"":0.432}","{""H_ALERT"":0,""H_FULL"":180,""H_NONE"":90,""H_SUMMARY"":0,""L_ALERT"":0,""L_NONE"":0,""L_SUMMARY"":0,""M_ALERT"":0,""M_NONE"":0,""M_SUMMARY"":0}",0.6666666666666666,23592960,130985,0.5,180,90,1034,0,0
PASS,2026090918,mid,synchronized_independent,1.0,"{""P1"":0,""P2"":0,""P3"":0}","{""P1"":0.0,""P2"":0.0,""P3"":0.0}","{""H_ALERT"":0,""H_FULL"":135,""H_NONE"":135,""H_SUMMARY"":0,""L_ALERT"":0,""L_NONE"":0,""L_SUMMARY"":0,""M_ALERT"":0,""M_NONE"":0,""M_SUMMARY"":0}",0.5,17694720,130985,0.0,135,0,1500,0,0
PASS,2026090918,mid,central_coordinated,1.0,"{""P1"":0,""P2"":0,""P3"":0}","{""P1"":0.0,""P2"":0.0,""P3"":0.0}","{""H_ALERT"":0,""H_FULL"":90,""H_NONE"":0,""H_SUMMARY"":180,""L_ALERT"":0,""L_NONE"":0,""L_SUMMARY"":0,""M_ALERT"":0,""M_NONE"":0,""M_SUMMARY"":0}",0.3333333333333333,14745600,130985,1.0,90,90,624,0,0
PASS,2026090918,mid,shielded_coordinated,1.0,"{""P1"":0,""P2"":0,""P3"":0}","{""P1"":0.0,""P2"":0.0,""P3"":0.0}","{""H_ALERT"":0,""H_FULL"":90,""H_NONE"":0,""H_SUMMARY"":180,""L_ALERT"":0,""L_NONE"":0,""L_SUMMARY"":0,""M_ALERT"":0,""M_NONE"":0,""M_SUMMARY"":0}",0.3333333333333333,14745600,130985,1.0,90,90,624,0,0
PASS,2026090918,high,desynchronized_independent,1.0,"{""P1"":303,""P2"":966,""P3"":432}","{""P1"":0.303,""P2"":0.966,""P3"":0.432}","{""H_ALERT"":0,""H_FULL"":270,""H_NONE"":0,""H_SUMMARY"":0,""L_ALERT"":0,""L_NONE"":0,""L_SUMMARY"":0,""M_ALERT"":0,""M_NONE"":0,""M_SUMMARY"":0}",1.0,35389440,91882,1.0,270,270,33,0,0
PASS,2026090918,high,synchronized_independent,1.0,"{""P1"":0,""P2"":0,""P3"":0}","{""P1"":0.0,""P2"":0.0,""P3"":0.0}","{""H_ALERT"":0,""H_FULL"":270,""H_NONE"":0,""H_SUMMARY"":0,""L_ALERT"":0,""L_NONE"":0,""L_SUMMARY"":0,""M_ALERT"":0,""M_NONE"":0,""M_SUMMARY"":0}",1.0,35389440,130941,1.0,270,270,999,0,0
PASS,2026090918,high,central_coordinated,1.0,"{""P1"":0,""P2"":0,""P3"":0}","{""P1"":0.0,""P2"":0.0,""P3"":0.0}","{""H_ALERT"":0,""H_FULL"":270,""H_NONE"":0,""H_SUMMARY"":0,""L_ALERT"":0,""L_NONE"":0,""L_SUMMARY"":0,""M_ALERT"":0,""M_NONE"":0,""M_SUMMARY"":0}",1.0,35389440,130941,1.0,270,270,999,0,0
PASS,2026090918,high,shielded_coordinated,1.0,"{""P1"":0,""P2"":0,""P3"":0}","{""P1"":0.0,""P2"":0.0,""P3"":0.0}","{""H_ALERT"":0,""H_FULL"":270,""H_NONE"":0,""H_SUMMARY"":0,""L_ALERT"":0,""L_NONE"":0,""L_SUMMARY"":0,""M_ALERT"":0,""M_NONE"":0,""M_SUMMARY"":0}",1.0,35389440,130941,1.0,270,270,999,0,0
PASS,2026090919,low,desynchronized_independent,1.0,"{""P1"":94,""P2"":427,""P3"":937}","{""P1"":0.094,""P2"":0.427,""P3"":0.937}","{""H_ALERT"":0,""H_FULL"":90,""H_NONE"":180,""H_SUMMARY"":0,""L_ALERT"":0,""L_NONE"":0,""L_SUMMARY"":0,""M_ALERT"":0,""M_NONE"":0,""M_SUMMARY"":0}",0.3333333333333333,11796480,131029,0.0,90,0,1063,0,0
PASS,2026090919,low,synchronized_independent,1.0,"{""P1"":0,""P2"":0,""P3"":0}","{""P1"":0.0,""P2"":0.0,""P3"":0.0}","{""H_ALERT"":0,""H_FULL"":66,""H_NONE"":138,""H_SUMMARY"":0,""L_ALERT"":0,""L_NONE"":0,""L_SUMMARY"":0,""M_ALERT"":0,""M_NONE"":0,""M_SUMMARY"":66}",0.24444444444444444,9191424,131029,0.0,66,0,1000,0,0
PASS,2026090919,low,central_coordinated,1.0,"{""P1"":0,""P2"":0,""P3"":0}","{""P1"":0.0,""P2"":0.0,""P3"":0.0}","{""H_ALERT"":0,""H_FULL"":0,""H_NONE"":0,""H_SUMMARY"":270,""L_ALERT"":0,""L_NONE"":0,""L_SUMMARY"":0,""M_ALERT"":0,""M_NONE"":0,""M_SUMMARY"":0}",0.0,4423680,16341,,0,0,374,0,0
PASS,2026090919,low,shielded_coordinated,1.0,"{""P1"":0,""P2"":0,""P3"":0}","{""P1"":0.0,""P2"":0.0,""P3"":0.0}","{""H_ALERT"":0,""H_FULL"":0,""H_NONE"":0,""H_SUMMARY"":270,""L_ALERT"":0,""L_NONE"":0,""L_SUMMARY"":0,""M_ALERT"":0,""M_NONE"":0,""M_SUMMARY"":0}",0.0,4423680,16341,,0,0,374,0,0
PASS,2026090919,mid,desynchronized_independent,1.0,"{""P1"":94,""P2"":427,""P3"":937}","{""P1"":0.094,""P2"":0.427,""P3"":0.937}","{""H_ALERT"":0,""H_FULL"":180,""H_NONE"":90,""H_SUMMARY"":0,""L_ALERT"":0,""L_NONE"":0,""L_SUMMARY"":0,""M_ALERT"":0,""M_NONE"":0,""M_SUMMARY"":0}",0.6666666666666666,23592960,130985,0.5,180,90,563,0,0
PASS,2026090919,mid,synchronized_independent,1.0,"{""P1"":0,""P2"":0,""P3"":0}","{""P1"":0.0,""P2"":0.0,""P3"":0.0}","{""H_ALERT"":0,""H_FULL"":135,""H_NONE"":135,""H_SUMMARY"":0,""L_ALERT"":0,""L_NONE"":0,""L_SUMMARY"":0,""M_ALERT"":0,""M_NONE"":0,""M_SUMMARY"":0}",0.5,17694720,130985,0.0,135,0,1500,0,0
PASS,2026090919,mid,central_coordinated,1.0,"{""P1"":0,""P2"":0,""P3"":0}","{""P1"":0.0,""P2"":0.0,""P3"":0.0}","{""H_ALERT"":0,""H_FULL"":90,""H_NONE"":0,""H_SUMMARY"":180,""L_ALERT"":0,""L_NONE"":0,""L_SUMMARY"":0,""M_ALERT"":0,""M_NONE"":0,""M_SUMMARY"":0}",0.3333333333333333,14745600,130985,1.0,90,90,624,0,0
PASS,2026090919,mid,shielded_coordinated,1.0,"{""P1"":0,""P2"":0,""P3"":0}","{""P1"":0.0,""P2"":0.0,""P3"":0.0}","{""H_ALERT"":0,""H_FULL"":90,""H_NONE"":0,""H_SUMMARY"":180,""L_ALERT"":0,""L_NONE"":0,""L_SUMMARY"":0,""M_ALERT"":0,""M_NONE"":0,""M_SUMMARY"":0}",0.3333333333333333,14745600,130985,1.0,90,90,624,0,0
PASS,2026090919,high,desynchronized_independent,1.0,"{""P1"":94,""P2"":427,""P3"":937}","{""P1"":0.094,""P2"":0.427,""P3"":0.937}","{""H_ALERT"":0,""H_FULL"":270,""H_NONE"":0,""H_SUMMARY"":0,""L_ALERT"":0,""L_NONE"":0,""L_SUMMARY"":0,""M_ALERT"":0,""M_NONE"":0,""M_SUMMARY"":0}",1.0,35389440,93848,1.0,270,270,62,0,0
PASS,2026090919,high,synchronized_independent,1.0,"{""P1"":0,""P2"":0,""P3"":0}","{""P1"":0.0,""P2"":0.0,""P3"":0.0}","{""H_ALERT"":0,""H_FULL"":270,""H_NONE"":0,""H_SUMMARY"":0,""L_ALERT"":0,""L_NONE"":0,""L_SUMMARY"":0,""M_ALERT"":0,""M_NONE"":0,""M_SUMMARY"":0}",1.0,35389440,130941,1.0,270,270,999,0,0
PASS,2026090919,high,central_coordinated,1.0,"{""P1"":0,""P2"":0,""P3"":0}","{""P1"":0.0,""P2"":0.0,""P3"":0.0}","{""H_ALERT"":0,""H_FULL"":270,""H_NONE"":0,""H_SUMMARY"":0,""L_ALERT"":0,""L_NONE"":0,""L_SUMMARY"":0,""M_ALERT"":0,""M_NONE"":0,""M_SUMMARY"":0}",1.0,35389440,130941,1.0,270,270,999,0,0
PASS,2026090919,high,shielded_coordinated,1.0,"{""P1"":0,""P2"":0,""P3"":0}","{""P1"":0.0,""P2"":0.0,""P3"":0.0}","{""H_ALERT"":0,""H_FULL"":270,""H_NONE"":0,""H_SUMMARY"":0,""L_ALERT"":0,""L_NONE"":0,""L_SUMMARY"":0,""M_ALERT"":0,""M_NONE"":0,""M_SUMMARY"":0}",1.0,35389440,130941,1.0,270,270,999,0,0
PASS,2026090920,low,desynchronized_independent,1.0,"{""P1"":699,""P2"":148,""P3"":926}","{""P1"":0.699,""P2"":0.148,""P3"":0.926}","{""H_ALERT"":0,""H_FULL"":90,""H_NONE"":180,""H_SUMMARY"":0,""L_ALERT"":0,""L_NONE"":0,""L_SUMMARY"":0,""M_ALERT"":0,""M_NONE"":0,""M_SUMMARY"":0}",0.3333333333333333,11796480,131029,0.0,90,0,1074,0,0
PASS,2026090920,low,synchronized_independent,1.0,"{""P1"":0,""P2"":0,""P3"":0}","{""P1"":0.0,""P2"":0.0,""P3"":0.0}","{""H_ALERT"":0,""H_FULL"":66,""H_NONE"":138,""H_SUMMARY"":0,""L_ALERT"":0,""L_NONE"":0,""L_SUMMARY"":0,""M_ALERT"":0,""M_NONE"":0,""M_SUMMARY"":66}",0.24444444444444444,9191424,131029,0.0,66,0,1000,0,0
PASS,2026090920,low,central_coordinated,1.0,"{""P1"":0,""P2"":0,""P3"":0}","{""P1"":0.0,""P2"":0.0,""P3"":0.0}","{""H_ALERT"":0,""H_FULL"":0,""H_NONE"":0,""H_SUMMARY"":270,""L_ALERT"":0,""L_NONE"":0,""L_SUMMARY"":0,""M_ALERT"":0,""M_NONE"":0,""M_SUMMARY"":0}",0.0,4423680,16341,,0,0,374,0,0
PASS,2026090920,low,shielded_coordinated,1.0,"{""P1"":0,""P2"":0,""P3"":0}","{""P1"":0.0,""P2"":0.0,""P3"":0.0}","{""H_ALERT"":0,""H_FULL"":0,""H_NONE"":0,""H_SUMMARY"":270,""L_ALERT"":0,""L_NONE"":0,""L_SUMMARY"":0,""M_ALERT"":0,""M_NONE"":0,""M_SUMMARY"":0}",0.0,4423680,16341,,0,0,374,0,0
PASS,2026090920,mid,desynchronized_independent,1.0,"{""P1"":699,""P2"":148,""P3"":926}","{""P1"":0.699,""P2"":0.148,""P3"":0.926}","{""H_ALERT"":0,""H_FULL"":180,""H_NONE"":90,""H_SUMMARY"":0,""L_ALERT"":0,""L_NONE"":0,""L_SUMMARY"":0,""M_ALERT"":0,""M_NONE"":0,""M_SUMMARY"":0}",0.6666666666666666,23592960,130985,0.5055555555555555,180,91,575,0,0
PASS,2026090920,mid,synchronized_independent,1.0,"{""P1"":0,""P2"":0,""P3"":0}","{""P1"":0.0,""P2"":0.0,""P3"":0.0}","{""H_ALERT"":0,""H_FULL"":135,""H_NONE"":135,""H_SUMMARY"":0,""L_ALERT"":0,""L_NONE"":0,""L_SUMMARY"":0,""M_ALERT"":0,""M_NONE"":0,""M_SUMMARY"":0}",0.5,17694720,130985,0.0,135,0,1500,0,0
PASS,2026090920,mid,central_coordinated,1.0,"{""P1"":0,""P2"":0,""P3"":0}","{""P1"":0.0,""P2"":0.0,""P3"":0.0}","{""H_ALERT"":0,""H_FULL"":90,""H_NONE"":0,""H_SUMMARY"":180,""L_ALERT"":0,""L_NONE"":0,""L_SUMMARY"":0,""M_ALERT"":0,""M_NONE"":0,""M_SUMMARY"":0}",0.3333333333333333,14745600,130985,1.0,90,90,624,0,0
PASS,2026090920,mid,shielded_coordinated,1.0,"{""P1"":0,""P2"":0,""P3"":0}","{""P1"":0.0,""P2"":0.0,""P3"":0.0}","{""H_ALERT"":0,""H_FULL"":90,""H_NONE"":0,""H_SUMMARY"":180,""L_ALERT"":0,""L_NONE"":0,""L_SUMMARY"":0,""M_ALERT"":0,""M_NONE"":0,""M_SUMMARY"":0}",0.3333333333333333,14745600,130985,1.0,90,90,624,0,0
PASS,2026090920,high,desynchronized_independent,1.0,"{""P1"":699,""P2"":148,""P3"":926}","{""P1"":0.699,""P2"":0.148,""P3"":0.926}","{""H_ALERT"":0,""H_FULL"":270,""H_NONE"":0,""H_SUMMARY"":0,""L_ALERT"":0,""L_NONE"":0,""L_SUMMARY"":0,""M_ALERT"":0,""M_NONE"":0,""M_SUMMARY"":0}",1.0,35389440,72483,1.0,270,270,73,0,0
PASS,2026090920,high,synchronized_independent,1.0,"{""P1"":0,""P2"":0,""P3"":0}","{""P1"":0.0,""P2"":0.0,""P3"":0.0}","{""H_ALERT"":0,""H_FULL"":270,""H_NONE"":0,""H_SUMMARY"":0,""L_ALERT"":0,""L_NONE"":0,""L_SUMMARY"":0,""M_ALERT"":0,""M_NONE"":0,""M_SUMMARY"":0}",1.0,35389440,130941,1.0,270,270,999,0,0
PASS,2026090920,high,central_coordinated,1.0,"{""P1"":0,""P2"":0,""P3"":0}","{""P1"":0.0,""P2"":0.0,""P3"":0.0}","{""H_ALERT"":0,""H_FULL"":270,""H_NONE"":0,""H_SUMMARY"":0,""L_ALERT"":0,""L_NONE"":0,""L_SUMMARY"":0,""M_ALERT"":0,""M_NONE"":0,""M_SUMMARY"":0}",1.0,35389440,130941,1.0,270,270,999,0,0
PASS,2026090920,high,shielded_coordinated,1.0,"{""P1"":0,""P2"":0,""P3"":0}","{""P1"":0.0,""P2"":0.0,""P3"":0.0}","{""H_ALERT"":0,""H_FULL"":270,""H_NONE"":0,""H_SUMMARY"":0,""L_ALERT"":0,""L_NONE"":0,""L_SUMMARY"":0,""M_ALERT"":0,""M_NONE"":0,""M_SUMMARY"":0}",1.0,35389440,130941,1.0,270,270,999,0,0
